Run #1,Run #1,Run #1,Run #1,Run #2,Run #2,Run #2,Run #2,Run #3,Run #3,Run #3,Run #3,Run #4,Run #4,Run #4,Run #4,Run #5,Run #5,Run #5,Run #5,Run #6,Run #6,Run #6,Run #6,Run #7,Run #7,Run #7,Run #7,Run #8,Run #8,Run #8,Run #8,Run #9,Run #9,Run #9,Run #9,Run #10,Run #10,Run #10,Run #10,Run #11,Run #11,Run #11,Run #11
Time (s),Position (m),Velocity (m/s),Acceleration (m/s²),Time (s),Position (m),Velocity (m/s),Acceleration (m/s²),Time (s),Position (m),Velocity (m/s),Acceleration (m/s²),Time (s),Position (m),Velocity (m/s),Acceleration (m/s²),Time (s),Position (m),Velocity (m/s),Acceleration (m/s²),Time (s),Position (m),Velocity (m/s),Acceleration (m/s²),Time (s),Position (m),Velocity (m/s),Acceleration (m/s²),Time (s),Position (m),Velocity (m/s),Acceleration (m/s²),Time (s),Position (m),Velocity (m/s),Acceleration (m/s²),Time (s),Position (m),Velocity (m/s),Acceleration (m/s²),Time (s),Position (m),Velocity (m/s),Acceleration (m/s²)
0,0,,,0,0,,,0,0.216,,,0,0.242,,,0,0.232,,,0,0.232,,,0,0.23,,,0,0.224,,,0,0.224,,,0,0.237,,,0,0.221,,
0.01,0.227,11.33,,0.01,0,73.08,,0.01,0.216,0.01,,0.01,0.242,-0.01,,0.01,0.232,-0.01,,0.01,0.232,0,,0.01,0.23,0,,0.01,0.224,0,,0.01,0.224,0.01,,0.01,0.237,-0.01,,0.01,0.221,-5.52E-04,
0.02,0.227,0.04,-566.8,0.02,1.462,0,-7308.4,0.02,0.216,0,-0.4,0.02,0.242,-6.05E-04,0.9,0.02,0.232,-5.79E-04,0.9,0.02,0.232,0,0,0.02,0.23,0,0,0.02,0.224,0,0,0.02,0.224,5.61E-04,-0.9,0.02,0.237,0,0.5,0.02,0.221,0.01,0.1
0.03,0.227,0,0.2,0.03,0,-73.08,3656.8,0.03,0.216,5.40E-04,-0.4,0.03,0.242,0.01,0.1,0.03,0.232,0.01,0,0.03,0.232,0,0,0.03,0.23,0,0,0.03,0.224,0,0,0.03,0.224,-0.01,0,0.03,0.237,0,0,0.03,0.221,5.52E-04,-0.9
0.04,0.227,0.04,3.8,0.04,0,73.14,3654.2,0.04,0.216,-0.01,-0.5,0.04,0.242,6.05E-04,-0.9,0.04,0.232,0,-0.4,0.04,0.232,-5.79E-04,0.5,0.04,0.23,0,0,0.04,0.224,0,0,0.04,0.224,0,0.5,0.04,0.237,0,0,0.04,0.221,-0.01,-0.5
0.05,0.228,0.07,-2.1,0.05,1.463,0,-7313.6,0.05,0.216,-0.01,0.4,0.05,0.242,-0.01,-0.5,0.05,0.232,5.79E-04,-0.4,0.05,0.232,0.01,0.1,0.05,0.23,0,0,0.05,0.224,0,0,0.05,0.224,0,0,0.05,0.237,-5.92E-04,0.5,0.05,0.221,-0.01,0.4
0.06,0.228,-5.70E-04,-3.2,0.06,0,-73.14,3657.7,0.06,0.216,-5.39E-04,0.9,0.06,0.242,-0.01,0.4,0.06,0.232,-0.01,-0.5,0.06,0.232,5.79E-04,-0.9,0.06,0.23,0,0,0.06,0.224,0,0,0.06,0.224,0,0,0.06,0.237,0.01,0.1,0.06,0.221,-5.52E-04,0.9
0.07,0.228,0.01,0.5,0.07,0,73.15,3656.8,0.07,0.216,0.01,0.1,0.07,0.242,0,0.4,0.07,0.232,-0.01,0.4,0.07,0.232,-0.01,0,0.07,0.23,0,0,0.07,0.224,0,0,0.07,0.224,-5.61E-04,0.5,0.07,0.237,5.92E-04,-0.9,0.07,0.221,0.01,0.5
0.08,0.228,0.01,-0.4,0.08,1.463,0,-7315.4,0.08,0.216,5.39E-04,-0.9,0.08,0.242,-6.05E-04,0.4,0.08,0.232,-5.79E-04,0.9,0.08,0.232,0,0.5,0.08,0.23,0,0,0.08,0.224,0,0,0.08,0.224,0.01,0.1,0.08,0.237,-0.01,0,0.08,0.221,0.01,-0.4
0.09,0.228,0,-0.4,0.09,0,-73.15,3660.3,0.09,0.216,-0.01,-0.1,0.09,0.242,0.01,0.5,0.09,0.232,0.01,0.5,0.09,0.232,0,0,0.09,0.23,0,0,0.09,0.224,0,0,0.09,0.224,5.61E-04,-0.9,0.09,0.237,0,0.5,0.09,0.221,0,-0.5
0.1,0.228,5.71E-04,-0.4,0.1,0,73.21,3657.7,0.1,0.216,-5.39E-04,0.9,0.1,0.242,0.01,-0.4,0.1,0.232,0.01,-0.4,0.1,0.232,-5.79E-04,0.5,0.1,0.23,0,0,0.1,0.224,0,0,0.1,0.224,-0.01,0,0.1,0.237,0,0,0.1,0.221,0,0
0.11,0.228,-0.01,-0.5,0.11,1.464,0,-7320.6,0.11,0.216,0.01,0.1,0.11,0.242,6.05E-04,-0.9,0.11,0.232,5.79E-04,-0.9,0.11,0.232,0.01,0.1,0.11,0.23,0,0,0.11,0.224,0,0,0.11,0.224,0,0.5,0.11,0.237,-5.92E-04,0.4,0.11,0.221,0,0
0.12,0.228,-0.01,0.4,0.12,0,-73.21,3671.7,0.12,0.216,5.39E-04,-0.9,0.12,0.242,-0.01,-0.5,0.12,0.232,-0.01,-0.5,0.12,0.232,5.79E-04,-0.9,0.12,0.23,0,0,0.12,0.224,0,0,0.12,0.224,0,0,0.12,0.237,0.01,0.5,0.12,0.221,5.52E-04,-0.5
0.13,0.228,-5.70E-04,0.9,0.13,0,73.43,3660.3,0.13,0.216,-0.01,0.4,0.13,0.242,-0.01,0.4,0.13,0.232,-0.01,0.4,0.13,0.232,-0.01,0,0.13,0.23,0,0,0.13,0.224,0,0,0.13,0.224,0,0,0.13,0.237,0.01,-0.4,0.13,0.221,-0.01,0.4
0.14,0.228,0.01,0.1,0.14,1.469,0,-7343.4,0.14,0.216,0.01,0.9,0.14,0.242,-6.05E-04,0.9,0.14,0.232,0,0.4,0.14,0.232,0,0.5,0.14,0.23,0,0,0.14,0.224,0,0,0.14,0.224,-5.61E-04,0.4,0.14,0.237,0,-0.5,0.14,0.221,0.01,1
0.15,0.228,5.70E-04,-0.9,0.15,0,-73.43,3662.1,0.15,0.216,0.01,-0.4,0.15,0.242,0.01,0.1,0.15,0.232,-5.79E-04,0.4,0.15,0.232,0,0,0.15,0.23,0,0,0.15,0.224,0,0,0.15,0.224,0.01,0.5,0.15,0.237,0,0,0.15,0.221,0.01,-0.9
0.16,0.228,-0.01,0,0.16,0,73.24,3671.7,0.16,0.216,0,-0.5,0.16,0.242,6.05E-04,-0.9,0.16,0.232,0.01,0.5,0.16,0.232,0,0,0.16,0.23,0,0,0.16,0.224,0,0,0.16,0.224,0.01,-0.9,0.16,0.237,0,0,0.16,0.221,-0.01,-0.5
0.17,0.228,0,0.5,0.17,1.465,0,-7324.1,0.17,0.216,0,0,0.17,0.242,-0.01,0,0.17,0.232,0.01,-0.9,0.17,0.232,-5.79E-04,0.5,0.17,0.23,0,0,0.17,0.224,0,0,0.17,0.224,-0.01,-0.9,0.17,0.237,0,0,0.17,0.221,0,0.5
0.18,0.228,0,0,0.18,0,-73.24,3658.6,0.18,0.216,0,0,0.18,0.242,0,0.5,0.18,0.232,-0.01,-0.9,0.18,0.232,0.01,0.1,0.18,0.23,0,0,0.18,0.224,0,0,0.18,0.224,-0.01,0.4,0.18,0.237,0,0,0.18,0.221,5.52E-04,-0.4
0.19,0.228,0,0,0.19,0,73.17,3662.1,0.19,0.216,0,0,0.19,0.242,0,0,0.19,0.232,-0.01,0.4,0.19,0.232,5.79E-04,-0.9,0.19,0.23,0,0,0.19,0.224,0,0,0.19,0.224,0,0.4,0.19,0.237,0,0,0.19,0.221,-0.01,-0.5
0.2,0.228,-5.70E-04,0.5,0.2,1.463,0,-7317.1,0.2,0.216,0,0,0.2,0.242,0,0,0.2,0.232,0,0.5,0.2,0.232,-0.01,0,0.2,0.23,0,0,0.2,0.224,0,0,0.2,0.224,-5.61E-04,0.5,0.2,0.237,0,0,0.2,0.221,-0.01,0.9
0.21,0.228,0.01,0.1,0.21,0,-73.17,3660.3,0.21,0.216,0,0,0.21,0.242,-6.05E-04,0.5,0.21,0.232,0,0,0.21,0.232,0,0.5,0.21,0.23,0,0,0.21,0.224,0,0,0.21,0.224,0.01,0.1,0.21,0.237,0,0,0.21,0.221,0.01,0.9
0.22,0.228,5.70E-04,-0.9,0.22,0,73.21,3658.6,0.22,0.216,0,0,0.22,0.242,0.01,0.1,0.22,0.232,-5.79E-04,0.4,0.22,0.232,0,0,0.22,0.23,0,0,0.22,0.224,0,0,0.22,0.224,5.61E-04,-0.9,0.22,0.237,0,0,0.22,0.221,0.01,-0.4
0.23,0.228,-0.01,0,0.23,1.464,0,-7320.6,0.23,0.216,0,0,0.23,0.242,6.05E-04,-0.9,0.23,0.232,0.01,0.5,0.23,0.232,0,0,0.23,0.23,0,0,0.23,0.224,-5.59E-04,0.4,0.23,0.224,-0.01,0,0.23,0.237,0,0,0.23,0.221,0,-0.4
0.24,0.228,0,0.5,0.24,0,-73.21,3660.3,0.24,0.216,0,0,0.24,0.242,-0.01,0,0.24,0.232,0.01,-0.4,0.24,0.232,-5.79E-04,0.5,0.24,0.23,0,0,0.24,0.224,0.01,0.5,0.24,0.224,0,0.5,0.24,0.237,0,0,0.24,0.221,5.52E-04,-0.4
0.25,0.228,0,0,0.25,0,73.21,3660.3,0.25,0.216,0,0,0.25,0.242,0,0.5,0.25,0.232,5.79E-04,-0.9,0.25,0.232,0.01,0.1,0.25,0.23,0,0,0.25,0.224,0.01,-0.4,0.25,0.224,0,0,0.25,0.237,-5.93E-04,0.5,0.25,0.221,-0.01,-0.5
0.26,0.228,0,0,0.26,1.464,0,-7320.6,0.26,0.216,0,0,0.26,0.242,0,0,0.26,0.232,-0.01,-0.5,0.26,0.232,5.79E-04,-0.9,0.26,0.23,0,0,0.26,0.224,0,-0.5,0.26,0.224,0,0,0.26,0.237,0.01,0.1,0.26,0.221,-0.01,0.9
0.27,0.228,-5.70E-04,0.5,0.27,0,-73.21,3658.6,0.27,0.216,0,0,0.27,0.242,0,0,0.27,0.232,-0.01,0.4,0.27,0.232,-0.01,0,0.27,0.23,5.76E-04,-0.4,0.27,0.224,0,0,0.27,0.224,-5.61E-04,0.4,0.27,0.237,5.93E-04,-0.9,0.27,0.221,0.01,0.9
0.28,0.228,0.01,0.1,0.28,0,73.17,3660.3,0.28,0.216,0,0,0.28,0.242,-6.05E-04,0.5,0.28,0.232,-5.79E-04,0.9,0.28,0.232,0,0.5,0.28,0.23,-0.01,-0.5,0.28,0.224,0,0,0.28,0.224,0.01,0.5,0.28,0.237,-0.01,0,0.28,0.221,0.01,-0.4
0.29,0.228,5.70E-04,-0.9,0.29,1.463,0,-7317.1,0.29,0.216,0,0,0.29,0.242,0.01,0.1,0.29,0.232,0.01,0.5,0.29,0.232,0,0,0.29,0.23,-0.01,0.4,0.29,0.224,-5.60E-04,0.4,0.29,0.224,0.01,-0.4,0.29,0.237,0,0.5,0.29,0.221,0,-0.4
0.3,0.228,-0.01,0,0.3,0,-73.17,3661.2,0.3,0.216,0,0,0.3,0.242,6.05E-04,-0.9,0.3,0.232,0.01,-0.4,0.3,0.232,0,0,0.3,0.23,-5.76E-04,0.9,0.3,0.224,0.01,0.5,0.3,0.224,5.61E-04,-0.9,0.3,0.237,0,0,0.3,0.221,5.52E-04,-0.5
0.31,0.228,0,0.5,0.31,0,73.22,3658.6,0.31,0.216,5.40E-04,-0.4,0.31,0.242,-0.01,0,0.31,0.232,0,-0.4,0.31,0.232,0,0,0.31,0.23,0.01,0.5,0.31,0.224,0.01,1.40E-13,0.31,0.224,-0.01,-0.5,0.31,0.237,-5.93E-04,0.5,0.31,0.221,-0.01,0
0.32,0.228,0,0,0.32,1.464,0,-7322.4,0.32,0.216,-0.01,-0.5,0.32,0.242,0,0.5,0.32,0.232,5.79E-04,-0.4,0.32,0.232,0,0,0.32,0.23,0.01,-1.40E-13,0.32,0.224,0.01,1.40E-13,0.32,0.224,-0.01,0.4,0.32,0.237,0.01,0.1,0.32,0.221,0,0.4
0.33,0.228,-5.70E-04,0.5,0.33,0,-73.22,3661.2,0.33,0.216,-0.01,0.9,0.33,0.242,0,0,0.33,0.232,-0.01,-0.5,0.33,0.232,0,0,0.33,0.23,0.01,0,0.33,0.224,0.01,0,0.33,0.224,0,0.4,0.33,0.237,5.93E-04,-0.9,0.33,0.221,-5.52E-04,0.4
0.34,0.228,0.01,0,0.34,0,73.22,3661.2,0.34,0.216,0.01,0.9,0.34,0.242,-6.05E-04,0.5,0.34,0.232,-0.01,0.4,0.34,0.232,0,0,0.34,0.231,0.01,-0.3,0.34,0.224,0.01,0.4,0.34,0.224,-5.61E-04,0.4,0.34,0.237,-0.01,0.4,0.34,0.221,0.01,0.5
0.35,0.228,0,-0.5,0.35,1.464,0,-7322.4,0.35,0.216,0.01,-0.4,0.35,0.242,0.01,0.1,0.35,0.232,-5.79E-04,0.9,0.35,0.232,0,0,0.35,0.231,0,-1.9,0.35,0.224,0.02,0.4,0.35,0.224,0.01,0.5,0.35,0.237,0.01,0.5,0.35,0.221,0.01,-0.9
0.36,0.228,-5.71E-04,0.5,0.36,0,-73.22,3662.1,0.36,0.216,5.40E-04,-0.9,0.36,0.242,6.05E-04,-0.9,0.36,0.232,0.01,0.5,0.36,0.232,0,0,0.36,0.231,-0.03,0.2,0.36,0.225,0.02,0.4,0.36,0.224,0.01,-0.4,0.36,0.237,5.93E-04,-0.9,0.36,0.221,-0.01,-0.5
0.37,0.228,0.01,2.90E-06,0.37,0,73.24,3661.2,0.37,0.216,-0.01,-0.5,0.37,0.242,-0.01,0,0.37,0.232,0.01,-0.9,0.37,0.232,0,0,0.37,0.23,0.01,4.1,0.37,0.225,0.03,0.9,0.37,0.224,5.61E-04,-0.9,0.37,0.237,-0.01,0,0.37,0.221,0,0.5
0.38,0.228,-5.71E-04,-0.1,0.38,1.465,0,-7324.1,0.38,0.216,-0.01,0.4,0.38,0.242,0,0.5,0.38,0.232,-0.01,-0.9,0.38,0.232,0,0,0.38,0.231,0.05,0.7,0.38,0.225,0.03,0,0.38,0.224,-0.01,-0.5,0.38,0.237,0,0.5,0.38,0.221,0,0
0.39,0.228,0.01,0.9,0.39,0,-73.24,3663.8,0.39,0.216,0,0.5,0.39,0.242,0,0,0.39,0.232,-0.01,0.5,0.39,0.232,0,0,0.39,0.231,0.02,-3.3,0.39,0.225,0.03,-0.5,0.39,0.224,-0.01,0.4,0.39,0.237,0,0,0.39,0.221,0,-0.1
0.4,0.228,0.02,0.9,0.4,0,73.28,3662.1,0.4,0.216,0,0,0.4,0.242,0,0,0.4,0.232,5.79E-04,0,0.4,0.232,0,0,0.4,0.231,-0.01,0.7,0.4,0.226,0.03,0.4,0.4,0.224,-5.61E-04,0.9,0.4,0.237,0,0,0.4,0.221,0,1.8
0.41,0.229,0.03,0.5,0.41,1.466,0,-7327.6,0.41,0.216,0,0,0.41,0.242,-6.05E-04,0.5,0.41,0.232,-0.01,-0.5,0.41,0.232,0,0,0.41,0.231,0.03,3.7,0.41,0.226,0.03,0.4,0.41,0.224,0.01,0.5,0.41,0.237,0,0,0.41,0.221,0.04,0.6
0.42,0.229,0.03,-0.8,0.42,0,-73.28,3674.3,0.42,0.216,0,0,0.42,0.242,0.01,0.1,0.42,0.231,-0.01,0.9,0.42,0.232,0,0,0.42,0.232,0.06,0.2,0.42,0.226,0.03,0.4,0.42,0.224,0.01,-0.4,0.42,0.237,0,0,0.42,0.222,0.01,-2.7
0.43,0.229,0.01,-1.3,0.43,0,73.49,3663.8,0.43,0.216,0,0,0.43,0.242,6.05E-04,-0.9,0.43,0.231,0.01,0.5,0.43,0.232,0,0,0.43,0.232,0.04,-3.2,0.43,0.227,0.04,1.3,0.43,0.224,0,-0.4,0.43,0.237,0,0,0.43,0.221,-0.02,-0.5
0.44,0.229,0,-0.5,0.44,1.47,0,-7348.6,0.44,0.216,0,0,0.44,0.242,-0.01,0,0.44,0.232,5.78E-04,-0.9,0.44,0.232,0,0,0.44,0.233,0,0.2,0.44,0.227,0.06,0.9,0.44,0.224,5.61E-04,-0.4,0.44,0.237,5.93E-04,-0.5,0.44,0.221,0,0.9
0.45,0.229,0,0,0.45,0,-73.49,3676.9,0.45,0.216,0,0,0.45,0.242,0,0.5,0.45,0.231,-0.01,0,0.45,0.232,0,0,0.45,0.232,0.04,4.5,0.45,0.228,0.06,-0.5,0.45,0.224,-0.01,-0.5,0.45,0.237,-0.01,-0.1,0.45,0.221,0,0
0.46,0.229,0,0,0.46,0,73.54,3674.3,0.46,0.216,0,0,0.46,0.242,0,0,0.46,0.231,0,0.5,0.46,0.232,0,0,0.46,0.233,0.09,1,0.46,0.228,0.05,-0.1,0.46,0.224,-0.01,0.4,0.46,0.237,-5.93E-04,0.9,0.46,0.221,0,0
0.47,0.229,0,0,0.47,1.471,0,-7353.9,0.47,0.216,0,0,0.47,0.242,0,0,0.47,0.231,0,0,0.47,0.232,5.79E-04,-0.4,0.47,0.234,0.06,-1.4,0.47,0.229,0.06,0.9,0.47,0.224,-5.61E-04,0.9,0.47,0.237,0.01,0,0.47,0.221,-5.53E-04,0.5
0.48,0.229,0,0,0.48,0,-73.54,3675.2,0.48,0.216,0,0,0.48,0.242,-6.05E-04,0.5,0.48,0.231,-5.78E-04,0.4,0.48,0.232,-0.01,-0.5,0.48,0.235,0.06,0.4,0.48,0.23,0.07,0.4,0.48,0.224,0.01,0.5,0.48,0.237,0,-0.4,0.48,0.221,0.01,-0.1
0.49,0.229,0,0,0.49,0,73.5,3676.9,0.49,0.216,0,0,0.49,0.242,0.01,0.1,0.49,0.231,0.01,0.5,0.49,0.232,-0.01,0.4,0.49,0.235,0.07,1.3,0.49,0.23,0.07,0.8,0.49,0.224,0.01,-0.4,0.49,0.237,5.93E-04,-0.5,0.49,0.221,0,0.9
0.5,0.229,0,0,0.5,1.47,0,-7350.4,0.5,0.216,0,0,0.5,0.242,6.05E-04,-0.9,0.5,0.232,0.01,1.40E-13,0.5,0.232,0,0.5,0.5,0.236,0.09,0.9,0.5,0.231,0.09,1.3,0.5,0.224,5.61E-04,-0.9,0.5,0.237,-0.01,-0.1,0.5,0.221,0.03,0.2
0.51,0.229,5.73E-04,-0.4,0.51,0,-73.5,3675.2,0.51,0.216,0,0,0.51,0.242,-0.01,0,0.51,0.232,0.01,6.90E-14,0.51,0.232,0,0,0.51,0.237,0.09,-0.4,0.51,0.232,0.09,0.4,0.51,0.224,-0.01,-0.1,0.51,0.237,-5.93E-04,0.9,0.51,0.222,0,-3.2
0.52,0.229,-0.01,-0.5,0.52,0,73.5,3675.2,0.52,0.216,0,0,0.52,0.242,0,0.5,0.52,0.232,0.01,0,0.52,0.232,0,0,0.52,0.238,0.08,-0.5,0.52,0.233,0.09,0.4,0.52,0.224,-5.61E-04,0.9,0.52,0.237,0.01,0,0.52,0.221,-0.04,-0.6
0.53,0.229,-0.01,1.3,0.53,1.47,0,-7350.4,0.53,0.216,0,0,0.53,0.242,0,0,0.53,0.232,0.01,0.5,0.53,0.232,0,0,0.53,0.238,0.08,0.4,0.53,0.234,0.1,0.9,0.53,0.224,0.01,0.4,0.53,0.237,0,-0.5,0.53,0.221,-0.01,2.7
0.54,0.229,0.02,1.8,0.54,0,-73.5,3674.3,0.54,0.216,0,0,0.54,0.242,0,0,0.54,0.232,0.02,0,0.54,0.232,0,0,0.54,0.239,0.09,0.4,0.54,0.235,0.11,0.9,0.54,0.224,0.01,0.4,0.54,0.237,0,0,0.54,0.221,0.02,1
0.55,0.229,0.03,0.7,0.55,0,73.49,3675.2,0.55,0.216,0,0,0.55,0.242,-6.05E-04,0.5,0.55,0.232,0.01,-0.5,0.55,0.232,0,0,0.55,0.24,0.09,0.4,0.55,0.236,0.12,0.4,0.55,0.225,0.02,0.5,0.55,0.237,0,0,0.55,0.221,0.01,-0.9
0.56,0.229,0.03,-2.9,0.56,1.47,0,-7348.6,0.56,0.216,0,0,0.56,0.242,0.01,0.1,0.56,0.232,0.01,0,0.56,0.232,0,0,0.56,0.241,0.09,1.2,0.56,0.237,0.12,1.3,0.56,0.225,0.02,0,0.56,0.237,0,0,0.56,0.221,0,-0.5
0.57,0.23,-0.03,-5.1,0.57,0,-73.49,3664.7,0.57,0.216,0,0,0.57,0.242,6.05E-04,-0.9,0.57,0.232,0.01,-0.5,0.57,0.232,-5.79E-04,0.4,0.57,0.242,0.11,2.2,0.57,0.238,0.15,1.8,0.57,0.225,0.02,0.4,0.57,0.237,5.93E-04,-0.5,0.57,0.221,0,0.9
0.58,0.229,-0.07,0.8,0.58,0,73.29,3674.3,0.58,0.216,0,0,0.58,0.242,-0.01,0,0.58,0.232,-5.80E-04,-0.1,0.58,0.232,0.01,0.5,0.58,0.243,0.14,1.4,0.58,0.24,0.16,-7.30E-04,0.58,0.225,0.03,0.5,0.58,0.237,-0.01,0,0.58,0.221,0.02,0.5
0.59,0.228,-0.02,8.5,0.59,1.466,0,-7329.4,0.59,0.216,0,0,0.59,0.242,0,0.5,0.59,0.232,0.01,0.9,0.59,0.232,0.01,0,0.59,0.245,0.14,0,0.59,0.242,0.15,-0.1,0.59,0.225,0.03,-0.1,0.59,0.237,0,0.5,0.59,0.222,0.01,-0.9
0.6,0.228,0.1,11.1,0.6,0,-73.29,3674.3,0.6,0.216,0,0,0.6,0.242,0,0,0.6,0.232,0.02,0.9,0.6,0.232,0.01,0.4,0.6,0.246,0.14,0.4,0.6,0.243,0.15,1.3,0.6,0.226,0.02,0.9,0.6,0.237,0,0,0.6,0.221,5.54E-04,-0.9
0.61,0.23,0.21,6.4,0.61,0,73.49,3664.7,0.61,0.216,0,0,0.61,0.242,-6.05E-04,0.5,0.61,0.233,0.03,0.5,0.61,0.232,0.02,0.5,0.61,0.247,0.15,0.9,0.61,0.245,0.17,1.8,0.61,0.226,0.04,0.5,0.61,0.237,-5.93E-04,0.5,0.61,0.222,-0.01,-0.1
0.62,0.233,0.22,0.9,0.62,1.47,0,-7348.6,0.62,0.216,0,0,0.62,0.242,0.01,0.1,0.62,0.233,0.03,-0.4,0.62,0.232,0.02,0,0.62,0.249,0.15,0.9,0.62,0.247,0.19,0.9,0.62,0.227,0.03,-0.9,0.62,0.237,0.01,0.1,0.62,0.221,-5.54E-04,0.9
0.63,0.235,0.22,0.7,0.63,0,-73.49,3662.1,0.63,0.216,0,0,0.63,0.242,6.05E-04,-0.9,0.63,0.233,0.02,-0.9,0.63,0.232,0.02,-0.4,0.63,0.25,0.16,0.8,0.63,0.248,0.19,0.4,0.63,0.227,0.03,-1,0.63,0.237,5.93E-04,-0.9,0.63,0.222,0.01,0.4
0.64,0.237,0.24,3,0.64,0,73.24,3674.3,0.64,0.216,0,0,0.64,0.242,-0.01,0,0.64,0.233,0.01,-0.5,0.64,0.232,0.01,-0.9,0.64,0.252,0.17,1.3,0.64,0.25,0.2,0.4,0.64,0.227,0.01,1.1,0.64,0.237,-0.01,-0.5,0.64,0.221,0.01,1.1
0.65,0.24,0.28,3.6,0.65,1.465,0,-7324.1,0.65,0.216,0,0,0.65,0.242,0,0.5,0.65,0.233,0.01,0.4,0.65,0.232,0,-0.5,0.65,0.254,0.19,1.3,0.65,0.252,0.2,0.4,0.65,0.227,0.05,3.6,0.65,0.237,-0.01,0.9,0.65,0.222,0.03,-2.6
0.66,0.243,0.31,1.7,0.66,0,-73.24,3662.1,0.66,0.216,0,0,0.66,0.242,0,0,0.66,0.233,0.02,0.9,0.66,0.232,0,0,0.66,0.256,0.2,0.9,0.66,0.254,0.21,1.3,0.66,0.228,0.09,1.4,0.66,0.237,0.01,0.9,0.66,0.222,-0.04,-3.3
0.67,0.246,0.32,2.1,0.67,0,73.24,3662.1,0.67,0.216,0,0,0.67,0.242,0,0,0.67,0.234,0.03,0.5,0.67,0.232,-5.81E-04,0.4,0.67,0.258,0.21,0.4,0.67,0.256,0.22,1.4,0.67,0.229,0.08,4.30E-04,0.67,0.237,0.01,-0.4,0.67,0.221,-0.04,2.1
0.68,0.249,0.35,2.7,0.68,1.465,0,-7324.1,0.68,0.216,0,0,0.68,0.242,-6.05E-04,0.5,0.68,0.234,0.03,0,0.68,0.232,0.01,0.9,0.68,0.26,0.21,0.4,0.68,0.259,0.23,0.5,0.68,0.23,0.09,0.1,0.68,0.237,5.93E-04,-0.9,0.68,0.221,0,3.6
0.69,0.253,0.37,0.9,0.69,0,-73.24,3662.1,0.69,0.216,0,0,0.69,0.242,0.01,0.1,0.69,0.234,0.03,0.4,0.69,0.233,0.02,0.5,0.69,0.262,0.21,0.8,0.69,0.261,0.23,0,0.69,0.23,0.08,-0.9,0.69,0.237,-0.01,-0.5,0.69,0.221,0.04,1.2
0.7,0.256,0.37,0.8,0.7,0,73.24,3662.1,0.7,0.216,0,0,0.7,0.242,6.05E-04,-0.9,0.7,0.234,0.03,0.5,0.7,0.233,0.02,7.40E-14,0.7,0.264,0.22,1.3,0.7,0.263,0.23,0.4,0.7,0.231,0.07,-0.1,0.7,0.237,-0.01,0.4,0.7,0.222,0.02,-4
0.71,0.26,0.39,1.3,0.71,1.465,0,-7324.1,0.71,0.216,5.39E-04,-0.4,0.71,0.242,-0.01,0,0.71,0.235,0.03,0,0.71,0.233,0.02,0,0.71,0.266,0.24,1.4,0.71,0.266,0.24,1.3,0.71,0.232,0.08,1.3,0.71,0.237,-5.92E-04,0.9,0.71,0.221,-0.04,-1.9
0.72,0.264,0.39,1.7,0.72,0,-73.24,3668.2,0.72,0.216,-0.01,-0.5,0.72,0.242,0,0.5,0.72,0.235,0.03,0.4,0.72,0.233,0.02,-0.4,0.72,0.269,0.25,-0.4,0.72,0.268,0.26,1.8,0.72,0.233,0.09,0.9,0.72,0.237,0.01,0.9,0.72,0.221,-0.02,1.7
0.73,0.268,0.42,2.2,0.73,0,73.36,3662.1,0.73,0.216,-0.01,0.8,0.73,0.242,0,0,0.73,0.235,0.04,0.9,0.73,0.233,0.01,-0.5,0.73,0.271,0.23,-0.6,0.73,0.271,0.28,0.5,0.73,0.234,0.09,-0.1,0.73,0.237,0.02,-0.4,0.73,0.221,-0.01,1.3
0.74,0.272,0.44,0.9,0.74,1.467,0,-7336.4,0.74,0.216,0.01,1.4,0.74,0.242,0,0,0.74,0.236,0.05,-2.10E-04,0.74,0.233,0.01,0.4,0.74,0.274,0.24,1.3,0.74,0.274,0.27,-0.5,0.74,0.235,0.09,1.3,0.74,0.237,0,-1,0.74,0.221,0.01,1.4
0.75,0.277,0.44,0.6,0.75,0,-73.36,3664.7,0.75,0.216,0.02,0,0.75,0.242,0,0,0.75,0.236,0.04,-0.1,0.75,0.233,0.02,0.5,0.75,0.276,0.26,0.9,0.75,0.276,0.27,0.8,0.75,0.236,0.12,1.8,0.75,0.237,0,0.9,0.75,0.221,0.02,-0.8
0.76,0.281,0.45,3.7,0.76,0,73.29,3668.2,0.76,0.216,0.01,-0.5,0.76,0.242,0,0,0.76,0.237,0.05,1.3,0.76,0.234,0.02,-0.1,0.76,0.279,0.26,0.8,0.76,0.279,0.28,1.3,0.76,0.237,0.13,0.4,0.76,0.237,0.02,0.9,0.76,0.221,-0.01,-1.9
0.77,0.286,0.51,6,0.77,1.466,0,-7329.4,0.77,0.216,0.01,0,0.77,0.242,0,0,0.77,0.237,0.07,0.5,0.77,0.234,0.02,0.9,0.77,0.281,0.27,1.8,0.77,0.282,0.29,1.3,0.77,0.238,0.13,0.4,0.77,0.237,0.02,0,0.77,0.221,-0.02,0.3
0.78,0.291,0.57,0.4,0.78,0,-73.29,3675.2,0.78,0.216,0.01,-0.4,0.78,0.242,0,0,0.78,0.238,0.06,-0.5,0.78,0.234,0.03,0.9,0.78,0.284,0.29,1.4,0.78,0.285,0.31,1.8,0.78,0.24,0.14,0.9,0.78,0.238,0.02,0,0.78,0.221,0,2.3
0.79,0.297,0.52,-5.4,0.79,0,73.5,3664.7,0.79,0.216,0,-0.5,0.79,0.242,0,0,0.79,0.239,0.06,0.4,0.79,0.234,0.03,-0.5,0.79,0.287,0.3,0.5,0.79,0.288,0.33,0.9,0.79,0.241,0.15,0.8,0.79,0.238,0.02,0.4,0.79,0.221,0.03,0.6
0.8,0.302,0.46,-2.8,0.8,1.47,0,-7350.4,0.8,0.216,0,0.9,0.8,0.242,0,0,0.8,0.239,0.07,0.9,0.8,0.235,0.02,0.4,0.8,0.29,0.3,-0.1,0.8,0.291,0.33,-0.1,0.8,0.242,0.15,1.3,0.8,0.238,0.03,0.9,0.8,0.221,0.01,-2.7
0.81,0.306,0.46,-0.4,0.81,0,-73.5,3675.2,0.81,0.216,0.02,0.9,0.81,0.242,0,0,0.81,0.24,0.08,0.5,0.81,0.235,0.04,0.9,0.81,0.293,0.3,0.8,0.81,0.295,0.33,0.6,0.81,0.244,0.17,1.8,0.81,0.238,0.03,0.5,0.81,0.221,-0.03,-1
0.82,0.311,0.46,-0.5,0.82,0,73.5,3675.2,0.82,0.216,0.02,-0.5,0.82,0.242,0,0,0.82,0.241,0.08,0,0.82,0.235,0.04,0,0.82,0.296,0.32,1.3,0.82,0.298,0.34,4.2,0.82,0.246,0.19,0.5,0.82,0.239,0.03,-6.00E-14,0.82,0.221,-0.01,1.7
0.83,0.316,0.45,0.4,0.83,1.47,0,-7350.4,0.83,0.216,0.01,0,0.83,0.242,0,0,0.83,0.242,0.08,0.4,0.83,0.236,0.04,0.4,0.83,0.3,0.33,0.8,0.83,0.301,0.41,6.5,0.83,0.248,0.18,-0.5,0.83,0.239,0.03,-2.00E-13,0.83,0.221,0.01,1.4
0.84,0.32,0.46,0.5,0.84,0,-73.5,3676.1,0.84,0.217,0.02,0.5,0.84,0.242,0,0,0.84,0.242,0.09,0.4,0.84,0.236,0.05,0.9,0.84,0.303,0.33,1.3,0.84,0.306,0.47,-4.8,0.84,0.249,0.18,0.8,0.84,0.239,0.03,-7.90E-14,0.84,0.221,0.02,-0.3
0.85,0.325,0.46,-0.4,0.85,0,73.52,3675.2,0.85,0.217,0.02,0,0.85,0.242,0,0,0.85,0.243,0.09,0.4,0.85,0.237,0.06,0.5,0.85,0.306,0.35,1.4,0.85,0.311,0.31,-5.3,0.85,0.251,0.2,1.7,0.85,0.24,0.03,2.00E-13,0.85,0.221,0,-1.8
0.86,0.329,0.46,-0.6,0.86,1.47,0,-7352.1,0.86,0.217,0.02,0.4,0.86,0.242,0,0,0.86,0.244,0.09,0.5,0.86,0.237,0.06,-1.40E-13,0.86,0.31,0.36,0.4,0.86,0.312,0.36,7.9,0.86,0.253,0.21,1.3,0.86,0.24,0.03,-0.1,0.86,0.221,-0.02,-0.1
0.87,0.334,0.45,0.9,0.87,0,-73.52,3678.7,0.87,0.217,0.03,0.9,0.87,0.242,0,0,0.87,0.245,0.1,-0.5,0.87,0.238,0.06,0,0.87,0.313,0.36,0.4,0.87,0.318,0.47,1.2,0.87,0.256,0.22,0.9,0.87,0.24,0.03,0.8,0.87,0.221,0,0.9
0.88,0.339,0.47,1.1,0.88,0,73.57,3676.1,0.88,0.217,0.03,0.4,0.88,0.242,0,0,0.88,0.246,0.08,0.8,0.88,0.239,0.06,0,0.88,0.317,0.37,0.9,0.88,0.322,0.39,-3.9,0.88,0.258,0.23,0.9,0.88,0.241,0.05,1.4,0.88,0.221,0,0.9
0.89,0.343,0.47,-1.1,0.89,1.471,0,-7357.4,0.89,0.218,0.03,0.4,0.89,0.242,0,0,0.89,0.247,0.11,1.4,0.89,0.239,0.06,0.4,0.89,0.321,0.38,0.8,0.89,0.326,0.39,1.3,0.89,0.26,0.24,0.5,0.89,0.241,0.06,-2.50E-04,0.89,0.221,0.02,0.9
0.9,0.348,0.45,-3.5,0.9,0,-73.57,3676.1,0.9,0.218,0.04,0.9,0.9,0.242,0,0,0.9,0.248,0.11,-0.5,0.9,0.24,0.07,0.9,0.9,0.325,0.38,1.3,0.9,0.329,0.41,1.3,0.9,0.263,0.24,0,0.9,0.242,0.05,-0.1,0.9,0.221,0.02,-0.5
0.91,0.352,0.4,-2.9,0.91,0,73.52,3678.7,0.91,0.219,0.05,-2.10E-04,0.91,0.242,0,0,0.91,0.249,0.1,0.4,0.91,0.241,0.08,0.9,0.91,0.328,0.4,1.3,0.91,0.334,0.42,0.1,0.91,0.265,0.24,0.4,0.91,0.242,0.06,1.3,0.91,0.221,0.01,0.4
0.92,0.356,0.39,0.6,0.92,1.47,0,-7352.1,0.92,0.219,0.04,-0.1,0.92,0.242,0,0,0.92,0.25,0.12,0.5,0.92,0.241,0.09,0.9,0.92,0.333,0.41,0.9,0.92,0.338,0.41,8.1,0.92,0.267,0.25,0.9,0.92,0.243,0.08,0.9,0.92,0.222,0.03,0.9
0.93,0.36,0.42,-1.1,0.93,0,-73.52,3675.2,0.93,0.219,0.05,1.3,0.93,0.242,0,0,0.93,0.252,0.11,-0.9,0.93,0.242,0.09,0.5,0.93,0.337,0.42,0.9,0.93,0.342,0.58,10,0.93,0.27,0.26,0.9,0.93,0.244,0.08,0,0.93,0.222,0.03,0
0.94,0.364,0.37,-3.3,0.94,0,73.5,3676.1,0.94,0.22,0.07,0.9,0.94,0.242,0,0,0.94,0.253,0.1,-0.1,0.94,0.243,0.1,-0.4,0.94,0.341,0.43,0.4,0.94,0.35,0.61,-5,0.94,0.273,0.27,0.9,0.94,0.245,0.08,0.4,0.94,0.222,0.03,0.4
0.95,0.368,0.35,0.1,0.95,1.47,0,-7350.4,0.95,0.221,0.07,-0.4,0.95,0.242,-6.05E-04,0.5,0.95,0.254,0.11,1.3,0.95,0.244,0.09,-0.5,0.95,0.345,0.43,0.3,0.95,0.354,0.48,-7.4,0.95,0.275,0.27,0.8,0.95,0.245,0.09,0.8,0.95,0.222,0.03,1.2
0.96,0.371,0.37,-0.2,0.96,0,-73.5,3675.2,0.96,0.222,0.06,-0.9,0.96,0.242,0.01,0.1,0.96,0.255,0.13,1.8,0.96,0.245,0.09,-0.1,0.96,0.35,0.44,1.7,0.96,0.359,0.46,-1.4,0.96,0.278,0.28,1.3,0.96,0.246,0.09,1.8,0.96,0.223,0.05,3.1
0.97,0.375,0.35,-2.2,0.97,0,73.5,3675.2,0.97,0.222,0.05,-0.5,0.97,0.242,6.05E-04,-0.9,0.97,0.256,0.15,0.6,0.97,0.246,0.08,0.8,0.97,0.354,0.46,1.9,0.97,0.364,0.45,0,0.97,0.281,0.3,1.3,0.97,0.247,0.12,1.4,0.97,0.223,0.1,2.2
0.98,0.378,0.33,-1.3,0.98,1.47,0,-7350.4,0.98,0.223,0.05,0.8,0.98,0.242,-0.01,0,0.98,0.258,0.14,-1.4,0.98,0.247,0.1,1.3,0.98,0.359,0.47,0,0.98,0.368,0.46,0.4,0.98,0.284,0.31,0.9,0.98,0.249,0.12,-0.1,0.98,0.225,0.09,-5.6
0.99,0.382,0.32,-0.9,0.99,0,-73.5,3679.6,0.99,0.223,0.07,1.8,0.99,0.242,0,0.5,0.99,0.259,0.12,-0.1,0.99,0.248,0.11,0.9,0.99,0.363,0.46,0.4,0.99,0.373,0.46,0.4,0.99,0.287,0.32,0.8,0.99,0.25,0.12,1.3,0.99,0.225,-0.02,-5.7
1,0.385,0.31,-0.4,1,0,73.59,3675.2,1,0.224,0.09,0.9,1,0.242,0,0,1,0.26,0.14,0.9,1,0.249,0.12,0.5,1,0.368,0.48,0.9,1,0.378,0.47,0.5,1,0.29,0.33,1.3,1,0.251,0.15,0.9,1,0.224,-0.02,3.8
1.01,0.388,0.31,-0.4,1.01,1.472,0,-7359.1,1.01,0.225,0.09,-0.4,1.01,0.242,-6.05E-04,0.5,1.01,0.262,0.14,-0.1,1.01,0.25,0.12,-0.9,1.01,0.373,0.48,0,1.01,0.382,0.47,4.2,1.01,0.294,0.34,1.4,1.01,0.253,0.14,6.8,1.01,0.225,0.06,4.6
1.02,0.391,0.3,-0.9,1.02,0,-73.59,3677.8,1.02,0.226,0.08,-0.5,1.02,0.242,0.01,0.1,1.02,0.263,0.13,1.7,1.02,0.251,0.1,-0.1,1.02,0.378,0.48,0.1,1.02,0.387,0.56,1.6,1.02,0.297,0.35,0.4,1.02,0.254,0.28,8.6,1.02,0.225,0.07,0.5
1.03,0.394,0.29,-0.9,1.03,0,73.56,3679.6,1.03,0.226,0.08,0.4,1.03,0.242,6.05E-04,-0.9,1.03,0.264,0.17,1.9,1.03,0.252,0.12,1.8,1.03,0.383,0.48,3.6,1.03,0.393,0.5,-5.7,1.03,0.301,0.35,0.4,1.03,0.258,0.31,-3.8,1.03,0.226,0.07,-0.4
1.04,0.397,0.28,-0.9,1.04,1.471,0,-7355.6,1.04,0.227,0.09,0.4,1.04,0.242,-0.01,0,1.04,0.266,0.17,-0.5,1.04,0.254,0.14,0.9,1.04,0.387,0.55,2.3,1.04,0.397,0.44,-5.1,1.04,0.304,0.36,0.5,1.04,0.26,0.21,-6.1,1.04,0.227,0.06,-0.6
1.05,0.4,0.27,-0.4,1.05,0,-73.56,3675.2,1.05,0.228,0.09,0.4,1.05,0.242,0,0.5,1.05,0.268,0.16,0,1.05,0.255,0.14,-1.40E-13,1.05,0.394,0.53,-3.9,1.05,0.402,0.4,-2.5,1.05,0.308,0.36,-0.1,1.05,0.262,0.19,6.8,1.05,0.227,0.06,1.6
1.06,0.402,0.28,-0.4,1.06,0,73.5,3677.8,1.06,0.229,0.09,0.4,1.06,0.242,0,0,1.06,0.27,0.17,0.5,1.06,0.257,0.14,0,1.06,0.398,0.47,0.2,1.06,0.405,0.39,5,1.06,0.312,0.36,0.7,1.06,0.264,0.34,8.2,1.06,0.228,0.09,3.2
1.07,0.405,0.27,-0.9,1.07,1.47,0,-7350.4,1.07,0.23,0.09,0.8,1.07,0.242,0,0,1.07,0.271,0.17,-1.4,1.07,0.258,0.14,-0.4,1.07,0.403,0.53,2.4,1.07,0.41,0.5,6.6,1.07,0.315,0.38,2.2,1.07,0.269,0.35,1.3,1.07,0.229,0.12,-0.4
1.08,0.408,0.26,-0.5,1.08,0,-73.5,3661.2,1.08,0.231,0.11,1.4,1.08,0.242,-6.05E-04,0.5,1.08,0.273,0.14,6.3,1.08,0.259,0.13,-0.5,1.08,0.409,0.52,-0.3,1.08,0.415,0.52,1.1,1.08,0.319,0.4,1.4,1.08,0.271,0.37,1.5,1.08,0.23,0.09,-1.6
1.09,0.41,0.26,-0.1,1.09,0,73.22,3675.2,1.09,0.232,0.12,-0.3,1.09,0.242,0.01,0.1,1.09,0.274,0.3,3.2,1.09,0.26,0.13,0.8,1.09,0.414,0.53,2.1,1.09,0.421,0.53,2.2,1.09,0.323,0.4,-0.5,1.09,0.277,0.38,-8.5,1.09,0.231,0.09,3.2
1.1,0.413,0.26,0.4,1.1,1.464,0,-7322.4,1.1,0.233,0.1,-1.9,1.1,0.242,6.05E-04,-0.9,1.1,0.279,0.21,-12,1.1,0.262,0.14,2.2,1.1,0.419,0.56,2.8,1.1,0.426,0.57,5.7,1.1,0.327,0.39,0.3,1.1,0.278,0.2,1.2,1.1,0.232,0.15,1
1.11,0.415,0.27,0.9,1.11,0,-73.22,3658.6,1.11,0.234,0.08,0.9,1.11,0.242,-0.01,0,1.11,0.278,0.06,-1.5,1.11,0.263,0.17,1.5,1.11,0.425,0.58,0.4,1.11,0.432,0.64,1.6,1.11,0.331,0.41,1.8,1.11,0.281,0.41,76.2,1.11,0.234,0.11,-1.5
1.12,0.418,0.27,0.5,1.12,0,73.17,3661.2,1.12,0.235,0.12,7.3,1.12,0.242,0,0.5,1.12,0.28,0.18,13.6,1.12,0.265,0.17,-0.9,1.12,0.431,0.57,0.3,1.12,0.439,0.6,-5.9,1.12,0.335,0.43,0.9,1.12,0.286,1.72,-736.3,1.12,0.234,0.12,1.6
1.13,0.421,0.27,-0.1,1.13,1.463,0,-7317.1,1.13,0.237,0.23,1.5,1.13,0.242,0,0,1.13,0.282,0.33,0.2,1.13,0.267,0.15,-0.5,1.13,0.436,0.59,1.8,1.13,0.444,0.52,-0.4,1.13,0.34,0.43,0.3,1.13,0.315,-14.32,2403.7,1.13,0.236,0.14,3.1
1.14,0.424,0.27,0.4,1.14,0,-73.17,3659.4,1.14,0.239,0.15,-8.2,1.14,0.242,0,0,1.14,0.287,0.18,-15.1,1.14,0.268,0.16,0,1.14,0.443,0.61,0.9,1.14,0.449,0.59,6.8,1.14,0.344,0.44,1.2,1.14,0,49.8,1537.5,1.14,0.237,0.18,1.3
1.15,0.426,0.28,0.9,1.15,0,73.19,3658.6,1.15,0.24,0.06,-0.7,1.15,0.242,-6.05E-04,0.5,1.15,0.286,0.03,7.6,1.15,0.27,0.15,-0.5,1.15,0.449,0.61,0.4,1.15,0.456,0.66,7.4,1.15,0.348,0.45,1.8,1.15,1.311,16.43,-5767.3,1.15,0.24,0.17,0.7
1.16,0.429,0.29,0.4,1.16,1.464,0,-7318.9,1.16,0.241,0.14,3.6,1.16,0.242,0.01,0.1,1.16,0.287,0.33,17.3,1.16,0.271,0.15,0.8,1.16,0.455,0.62,0.8,1.16,0.462,0.74,3.9,1.16,0.353,0.47,0.5,1.16,0.329,-65.55,2011.1,1.16,0.241,0.2,3.3
1.17,0.432,0.29,0.4,1.17,0,-73.19,3661.2,1.17,0.242,0.14,0.2,1.17,0.242,6.05E-04,-0.9,1.17,0.292,0.37,-6.2,1.17,0.273,0.17,1.7,1.17,0.461,0.62,1.3,1.17,0.471,0.74,-3.9,1.17,0.358,0.46,-0.6,1.17,0,56.65,3277.4,1.17,0.244,0.24,-1.2
1.18,0.435,0.3,0.9,1.18,0,73.22,3659.4,1.18,0.243,0.14,4.1,1.18,0.242,-0.01,0,1.18,0.295,0.21,-15.9,1.18,0.275,0.19,1.9,1.18,0.467,0.64,1.4,1.18,0.477,0.66,-3.8,1.18,0.362,0.46,0.8,1.18,1.462,0,-6486.8,1.18,0.245,0.17,-2.5
1.19,0.438,0.31,0.5,1.19,1.464,0,-7322.4,1.19,0.245,0.22,0.6,1.19,0.242,0,0.5,1.19,0.296,0.06,-6.9,1.19,0.277,0.21,0.1,1.19,0.474,0.65,0.4,1.19,0.484,0.66,-0.5,1.19,0.367,0.48,1.3,1.19,0,-73.08,3631.5,1.19,0.247,0.19,2.4
1.2,0.441,0.31,-0.1,1.2,0,-73.22,3674.3,1.2,0.248,0.15,-2.9,1.2,0.242,0,0,1.2,0.296,0.07,15.8,1.2,0.279,0.19,-1.4,1.2,0.48,0.65,0.3,1.2,0.49,0.65,-0.2,1.2,0.372,0.49,1.3,1.2,0,72.63,3654.2,1.2,0.249,0.22,-1.4
1.21,0.444,0.31,0.4,1.21,0,73.49,3661.2,1.21,0.248,0.16,2.4,1.21,0.242,-6.05E-04,0.5,1.21,0.298,0.37,7.7,1.21,0.281,0.18,0,1.21,0.487,0.66,1.3,1.21,0.497,0.66,0.8,1.21,0.377,0.51,1,1.21,1.453,0,-7263.1,1.21,0.252,0.16,-0.8
1.22,0.447,0.32,0.9,1.22,1.47,0,-7348.6,1.22,0.251,0.2,-1.2,1.22,0.242,0.01,0.1,1.22,0.303,0.22,-8.9,1.22,0.283,0.19,0.4,1.22,0.494,0.68,1.4,1.22,0.503,0.67,8.4,1.22,0.382,0.51,4.2,1.22,0,-72.63,3650.7,1.22,0.252,0.2,5.5
1.23,0.451,0.33,1,1.23,0,-73.49,3675.2,1.23,0.252,0.14,-2.7,1.23,0.242,6.05E-04,-0.9,1.23,0.302,0.19,6.4,1.23,0.285,0.19,0.7,1.23,0.5,0.69,0.4,1.23,0.51,0.83,9.3,1.23,0.387,0.59,1.6,1.23,0,73.01,3631.5,1.23,0.256,0.27,0.6
1.24,0.454,0.34,0.1,1.24,0,73.5,3674.3,1.24,0.254,0.15,-1.1,1.24,0.242,-0.01,3.00E-06,1.24,0.307,0.35,3.3,1.24,0.286,0.2,2.8,1.24,0.507,0.69,0.4,1.24,0.52,0.85,-13.4,1.24,0.394,0.54,-6.2,1.24,1.46,0,-7301.4,1.24,0.258,0.21,-2
1.25,0.457,0.33,-1,1.25,1.47,0,-7350.4,1.25,0.255,0.12,1.9,1.25,0.242,6.05E-04,0,1.25,0.309,0.26,-10.6,1.25,0.289,0.24,0.7,1.25,0.514,0.69,0.7,1.25,0.527,0.56,-8.7,1.25,0.398,0.47,-0.3,1.25,0,-73.01,3619.4,1.25,0.26,0.23,1.8
1.26,0.461,0.32,-0.1,1.26,0,-73.5,3672.6,1.26,0.256,0.19,6,1.26,0.242,-0.01,-0.5,1.26,0.313,0.14,-8.9,1.26,0.291,0.22,-3.2,1.26,0.521,0.7,1.8,1.26,0.531,0.68,13.7,1.26,0.403,0.53,3.2,1.26,0,72.39,3650.7,1.26,0.262,0.25,0.4
1.27,0.464,0.33,0.5,1.27,0,73.45,3675.2,1.27,0.259,0.24,-0.3,1.27,0.242,-0.01,0,1.27,0.312,0.08,10.7,1.27,0.293,0.18,-1.1,1.27,0.528,0.73,1.5,1.27,0.541,0.83,2.1,1.27,0.408,0.53,1.1,1.27,1.448,0,-7238.8,1.27,0.265,0.24,0.3
1.28,0.467,0.33,0.1,1.28,1.469,0,-7345.1,1.28,0.261,0.18,-2.7,1.28,0.242,-0.01,0.4,1.28,0.314,0.36,12.2,1.28,0.295,0.2,1.8,1.28,0.536,0.73,-0.1,1.28,0.548,0.72,-5.9,1.28,0.414,0.55,2.7,1.28,0,-72.39,3601.2,1.28,0.267,0.26,1.8
1.29,0.47,0.33,-0.4,1.29,0,-73.45,3661.2,1.29,0.263,0.18,-0.5,1.29,0.242,-6.05E-04,0.9,1.29,0.319,0.32,-5.6,1.29,0.297,0.21,1.3,1.29,0.543,0.73,0.3,1.29,0.555,0.71,8.5,1.29,0.419,0.58,1.4,1.29,0,72.02,3619.4,1.29,0.27,0.28,0.5
1.3,0.474,0.32,-0.5,1.3,0,73.22,3672.6,1.3,0.264,0.17,0.3,1.3,0.242,0.01,0,1.3,0.321,0.24,-0.5,1.3,0.299,0.22,1.3,1.3,0.55,0.74,1.2,1.3,0.562,0.89,11.5,1.3,0.425,0.58,0.7,1.3,1.44,0,-7202.4,1.3,0.273,0.27,-0.5
1.31,0.477,0.32,0.4,1.31,1.464,0,-7322.4,1.31,0.266,0.19,1.8,1.31,0.242,0,-0.5,1.31,0.324,0.31,-4.7,1.31,0.301,0.24,1.4,1.31,0.557,0.75,1.4,1.31,0.573,0.94,-6.1,1.31,0.431,0.6,-6.5,1.31,0,-72.02,3633.3,1.31,0.275,0.27,0.9
1.32,0.48,0.33,0.5,1.32,0,-73.22,3662.1,1.32,0.268,0.21,1,1.32,0.242,-6.05E-04,0.4,1.32,0.327,0.15,-1.4,1.32,0.304,0.25,0.5,1.32,0.565,0.76,4.4,1.32,0.581,0.77,-9.8,1.32,0.437,0.45,-0.2,1.32,0,72.67,3601.2,1.32,0.278,0.28,-0.1
1.33,0.483,0.33,-0.4,1.33,0,73.24,3661.2,1.33,0.27,0.21,-0.4,1.33,0.242,0.01,0.5,1.33,0.327,0.28,11.4,1.33,0.306,0.25,0,1.33,0.573,0.84,1.4,1.33,0.588,0.75,-3.2,1.33,0.44,0.59,14.4,1.33,1.453,0,-7266.6,1.33,0.281,0.26,1
1.34,0.486,0.32,-0.9,1.34,1.465,0,-7324.1,1.34,0.272,0.2,-0.9,1.34,0.242,0.01,-0.1,1.34,0.333,0.38,-0.6,1.34,0.309,0.25,-0.4,1.34,0.582,0.79,-7.6,1.34,0.596,0.7,9.6,1.34,0.449,0.74,1.6,1.34,0,-72.67,3585.6,1.34,0.283,0.31,4.6
1.35,0.49,0.31,-0.4,1.35,0,-73.24,3660.3,1.35,0.274,0.19,-0.1,1.35,0.242,0.01,1.3,1.35,0.335,0.27,-3,1.35,0.311,0.24,-0.5,1.35,0.588,0.69,5.4,1.35,0.602,0.94,15,1.35,0.455,0.63,-5.4,1.35,0,71.71,3633.3,1.35,0.287,0.35,1
1.36,0.493,0.31,-0.4,1.36,0,73.21,3662.1,1.36,0.276,0.2,0.8,1.36,0.242,0.03,1.4,1.36,0.338,0.32,-8.5,1.36,0.314,0.24,-0.1,1.36,0.596,0.9,13.2,1.36,0.615,1,-9,1.36,0.462,0.64,0.4,1.36,1.434,0,-7171.2,1.36,0.29,0.33,-1.4
1.37,0.496,0.3,-0.9,1.37,1.464,0,-7320.6,1.37,0.278,0.2,1.3,1.37,0.243,0.04,-0.9,1.37,0.341,0.1,-2,1.37,0.316,0.24,1.2,1.37,0.606,0.95,-10.5,1.37,0.622,0.76,-0.9,1.37,0.468,0.63,0.9,1.37,0,-71.71,3618.5,1.37,0.294,0.33,0.4
1.38,0.499,0.29,-0.4,1.38,0,-73.21,3674.3,1.38,0.28,0.22,1.4,1.38,0.243,0.02,-0.9,1.38,0.34,0.28,17.6,1.38,0.318,0.27,1.9,1.38,0.615,0.69,-6,1.38,0.63,0.98,-0.5,1.38,0.474,0.65,1,1.38,0,72.37,3585.6,1.38,0.297,0.33,1.3
1.39,0.502,0.29,-0.5,1.39,0,73.49,3660.3,1.39,0.283,0.23,-0.4,1.39,0.243,0.02,0,1.39,0.347,0.45,-0.2,1.39,0.321,0.28,-0.4,1.39,0.62,0.83,13.1,1.39,0.642,0.75,-4.5,1.39,0.481,0.65,-0.1,1.39,1.447,0,-7237,1.39,0.3,0.35,1.4
1.4,0.505,0.28,-0.1,1.4,1.47,0,-7348.6,1.4,0.285,0.21,-0.5,1.4,0.243,0.02,-0.5,1.4,0.349,0.27,-8.1,1.4,0.324,0.26,-1.3,1.4,0.632,0.95,0.4,1.4,0.645,0.89,39.4,1.4,0.487,0.65,0.7,1.4,0,-72.37,3637.6,1.4,0.304,0.36,0.4
1.41,0.507,0.29,1.1,1.41,0,-73.49,3690.1,1.41,0.287,0.22,0.9,1.41,0.243,0.01,-0.1,1.41,0.352,0.29,0.9,1.41,0.327,0.25,9.9,1.41,0.639,0.84,-2.3,1.41,0.66,1.54,475.6,1.41,0.494,0.67,1.7,1.41,0,72.75,3618.5,1.41,0.308,0.36,0.4
1.42,0.51,0.3,-0.8,1.42,0,73.8,3674.3,1.42,0.289,0.23,0.9,1.42,0.243,0.02,0.9,1.42,0.355,0.29,0.7,1.42,0.329,0.45,2.1,1.42,0.649,0.9,-0.6,1.42,0.675,10.4,-1765.6,1.42,0.501,0.68,1.8,1.42,1.455,0,-7275.3,1.42,0.311,0.37,0.9
1.43,0.513,0.27,-2.3,1.43,1.476,0,-7380.2,1.43,0.291,0.24,0.5,1.43,0.244,0.03,-8.30E-05,1.43,0.358,0.31,2.4,1.43,0.336,0.29,-18.5,1.43,0.657,0.83,-3.3,1.43,0.868,-33.77,984.6,1.43,0.508,0.7,1.6,1.43,0,-72.75,3635.9,1.43,0.315,0.38,0.4
1.44,0.516,0.26,5.9,1.44,0,-73.8,3691.9,1.44,0.294,0.24,-0.9,1.44,0.244,0.02,-0.1,1.44,0.361,0.34,-0.7,1.44,0.335,0.08,0,1.44,0.665,0.84,4.1,1.44,0,30.1,1688.7,1.44,0.515,0.72,-0.9,1.44,0,72.72,3637.6,1.44,0.319,0.38,0.8
1.45,0.519,0.39,1.7,1.45,0,73.84,3690.1,1.45,0.296,0.22,-0.1,1.45,0.244,0.03,0.9,1.45,0.365,0.29,1.8,1.45,0.337,0.29,11.3,1.45,0.674,0.91,3.1,1.45,1.47,0,-71.7,1.45,0.522,0.68,-1,1.45,1.454,0,-7271.8,1.45,0.322,0.39,1.3
1.46,0.524,0.29,-12.5,1.46,1.477,0,-7383.7,1.46,0.299,0.24,1.8,1.46,0.244,0.03,0.5,1.46,0.367,0.37,6.5,1.46,0.341,0.31,-0.5,1.46,0.683,0.9,-1.6,1.46,0,28.66,0,1.46,0.528,0.7,3.1,1.46,0,-72.72,3583.9,1.46,0.327,0.4,0.9
1.47,0.524,0.14,-3.3,1.47,0,-73.84,3675.2,1.47,0.301,0.26,0.9,1.47,0.245,0.04,-0.4,1.47,0.372,0.42,-1.9,1.47,0.344,0.28,4.4,1.47,0.692,0.88,7.1,1.47,2.043,0,214,1.47,0.536,0.75,2.5,1.47,0,71.68,3635.9,1.47,0.331,0.41,0.9
1.48,0.527,0.23,5.8,1.48,0,73.5,3691.9,1.48,0.304,0.26,0,1.48,0.245,0.03,-0.9,1.48,0.375,0.34,-10,1.48,0.346,0.4,9.6,1.48,0.701,1.04,-1.2,1.48,0,32.94,0,1.48,0.543,0.75,0.1,1.48,1.434,0,-7167.8,1.48,0.335,0.42,0.4
1.49,0.529,0.26,1.2,1.49,1.47,0,-7350.4,1.49,0.306,0.26,0.4,1.49,0.245,0.02,-0.5,1.49,0.379,0.22,-1.5,1.49,0.352,0.47,-5.4,1.49,0.713,0.85,-7.3,1.49,2.702,0,-1648.4,1.49,0.551,0.75,-1.8,1.49,0,-71.68,3546.9,1.49,0.339,0.42,0.8
1.5,0.532,0.25,-1.6,1.5,0,-73.5,3673.4,1.5,0.309,0.27,0.5,1.5,0.245,0.02,0.4,1.5,0.38,0.31,9.9,1.5,0.356,0.29,-8.7,1.5,0.718,0.9,12.3,1.5,0,-0.03,0,1.5,0.558,0.71,4.6,1.5,0,70.94,3583.9,1.5,0.343,0.44,1.4
1.51,0.534,0.23,0.3,1.51,0,73.47,3675.2,1.51,0.312,0.27,0,1.51,0.246,0.02,1.3,1.51,0.385,0.42,1.2,1.51,0.357,0.3,2.6,1.51,0.731,1.1,3.5,1.51,2.701,0,-1729,1.51,0.565,0.84,11.3,1.51,1.419,0,-7093.8,1.51,0.348,0.45,0.4
1.52,0.536,0.26,1.7,1.52,1.469,0,-7346.9,1.52,0.314,0.27,-0.5,1.52,0.246,0.04,1.4,1.52,0.388,0.33,-2.3,1.52,0.362,0.34,-7.7,1.52,0.74,0.97,-14.2,1.52,0,-34.61,0,1.52,0.575,0.94,-7.8,1.52,0,-70.94,3552,1.52,0.352,0.44,0.8
1.53,0.539,0.26,-1.4,1.53,0,-73.47,3674.3,1.53,0.317,0.26,-0.1,1.53,0.246,0.05,0.5,1.53,0.392,0.38,0.1,1.53,0.364,0.14,0.2,1.53,0.75,0.81,-1.5,1.53,2.009,0,3437.4,1.53,0.584,0.68,-10,1.53,0,71.04,3546.9,1.53,0.357,0.46,1.3
1.54,0.542,0.23,-0.9,1.54,0,73.49,3673.4,1.54,0.319,0.27,0.9,1.54,0.247,0.05,0,1.54,0.396,0.33,-9.6,1.54,0.365,0.35,9.4,1.54,0.756,0.94,14.2,1.54,0,34.14,0,1.54,0.589,0.73,11.1,1.54,1.421,0,-7104.1,1.54,0.361,0.47,0.9
1.55,0.544,0.24,-0.3,1.55,1.47,0,-7348.6,1.55,0.322,0.27,0.4,1.55,0.247,0.05,0.4,1.55,0.398,0.18,-5.6,1.55,0.371,0.33,-9.8,1.55,0.769,1.1,0.4,1.55,2.692,0,-1660.5,1.55,0.598,0.91,-1.5,1.55,0,-71.04,2505.4,1.55,0.366,0.48,0.9
1.56,0.546,0.22,-2,1.56,0,-73.49,3676.1,1.56,0.325,0.27,0.9,1.56,0.248,0.06,0.5,1.56,0.4,0.22,7.6,1.56,0.371,0.15,6.3,1.56,0.778,0.94,-6.1,1.56,0,0.93,0,1.56,0.607,0.7,-15.8,1.56,0,50.11,3552,1.56,0.371,0.49,0.4
1.57,0.548,0.2,3.4,1.57,0,73.52,3674.3,1.57,0.328,0.29,1,1.57,0.249,0.06,0,1.57,0.403,0.34,5.8,1.57,0.374,0.46,15.2,1.57,0.788,0.98,4.7,1.57,2.711,0,-3177.4,1.57,0.612,0.59,10.9,1.57,1.002,0,-5010.7,1.57,0.376,0.49,0.9
1.58,0.551,0.29,0.5,1.58,1.47,0,-7352.1,1.58,0.331,0.29,-0.4,1.58,0.249,0.06,-6.90E-14,1.58,0.406,0.34,-0.4,1.58,0.38,0.45,-12.9,1.58,0.798,1.04,0.8,1.58,0,-62.62,2108.8,1.58,0.619,0.92,22.8,1.58,0,-50.11,2729.2,1.58,0.381,0.51,1
1.59,0.554,0.21,-1,1.59,0,-73.52,3676.9,1.59,0.334,0.28,-0.5,1.59,0.25,0.06,0,1.59,0.409,0.33,0.2,1.59,0.383,0.2,-10.5,1.59,0.808,0.99,-2.9,1.59,1.458,42.18,1587.3,1.59,0.631,1.05,-5.1,1.59,0,54.58,2505.4,1.59,0.386,0.51,-0.2
1.6,0.555,0.27,8.3,1.6,0,73.54,3676.1,1.6,0.336,0.28,0.3,1.6,0.25,0.06,0.4,1.6,0.413,0.34,-6.4,1.6,0.384,0.24,13.8,1.6,0.818,0.98,-6.3,1.6,0.844,-30.87,-2089.4,1.6,0.64,0.82,-14.2,1.6,1.092,0,-5458.4,1.6,0.391,0.5,1.7
1.61,0.56,0.38,-7.6,1.61,1.471,0,-7353.9,1.61,0.339,0.29,1.3,1.61,0.251,0.07,0.8,1.61,0.416,0.2,0,1.61,0.388,0.48,10.1,1.61,0.828,0.87,-5.5,1.61,0.841,0.39,2322,1.61,0.647,0.76,4.7,1.61,0,-54.58,3617.6,1.61,0.396,0.54,2
1.62,0.562,0.12,-15.3,1.62,0,-73.54,3675.2,1.62,0.342,0.31,1.4,1.62,0.252,0.08,1.3,1.62,0.417,0.34,8.8,1.62,0.394,0.45,-4.9,1.62,0.835,0.87,10.1,1.62,0.851,15.57,-2147.6,1.62,0.655,0.91,10.3,1.62,0,72.35,2729.2,1.62,0.402,0.54,-0.5
1.63,0.562,0.07,11.9,1.63,0,73.5,3676.9,1.63,0.345,0.32,0.1,1.63,0.253,0.09,1,1.63,0.423,0.38,2.3,1.63,0.397,0.38,-7.8,1.63,0.846,1.07,8.8,1.63,1.152,-42.56,58.5,1.63,0.665,0.97,-6.7,1.63,1.447,0,-7235.3,1.63,0.407,0.53,0.4
1.64,0.564,0.36,9.8,1.64,1.47,0,-7350.4,1.64,0.349,0.31,-0.9,1.64,0.254,0.1,-0.5,1.64,0.424,0.39,6.6,1.64,0.401,0.29,-4.1,1.64,0.856,1.05,-2,1.64,0,16.74,2128.2,1.64,0.675,0.78,-1,1.64,0,-72.35,3002.8,1.64,0.412,0.55,0.9
1.65,0.569,0.27,-13.4,1.65,0,-73.5,3676.1,1.65,0.352,0.3,-0.6,1.65,0.254,0.09,0,1.65,0.431,0.51,-11.2,1.65,0.403,0.3,7.1,1.65,0.866,1.03,0.2,1.65,1.487,0,450,1.65,0.681,0.95,8.6,1.65,0,60.06,3617.6,1.65,0.418,0.55,0.8
1.66,0.569,0.09,4.2,1.66,0,73.52,3675.2,1.66,0.355,0.3,0.8,1.66,0.255,0.09,0.4,1.66,0.434,0.16,-5.4,1.66,0.407,0.43,-2.9,1.66,0.877,1.05,8.4,1.66,0,25.74,0,1.66,0.694,0.95,-14.1,1.66,1.201,0,-6005.6,1.66,0.423,0.56,1.8
1.67,0.571,0.35,15,1.67,1.47,0,-7352.1,1.67,0.358,0.32,1.4,1.67,0.256,0.09,0.4,1.67,0.434,0.4,15.1,1.67,0.411,0.24,-9.9,1.67,0.888,1.19,7.9,1.67,2.002,0,-1287,1.67,0.7,0.67,-4.7,1.67,0,-60.06,3568.4,1.67,0.429,0.58,1.8
1.68,0.576,0.39,-13.3,1.68,0,-73.52,3674.3,1.68,0.361,0.33,0.5,1.68,0.257,0.1,1.3,1.68,0.442,0.46,-10.4,1.68,0.412,0.24,6.1,1.68,0.901,1.21,-4.3,1.68,0,0,0,1.68,0.707,0.86,16,1.68,0,71.37,3002.8,1.68,0.435,0.6,-4.6
1.69,0.579,0.09,-7.8,1.69,0,73.49,3676.1,1.69,0.364,0.33,-0.1,1.69,0.258,0.12,1,1.69,0.443,0.19,5.1,1.69,0.416,0.36,7.4,1.69,0.912,1.11,-13.5,1.69,2.002,0,-5004.4,1.69,0.717,0.99,0.7,1.69,1.427,0,-7136.8,1.69,0.441,0.49,-25.5
1.7,0.578,0.24,15.8,1.7,1.47,0,-7348.6,1.7,0.367,0.32,0.7,1.7,0.26,0.12,-0.4,1.7,0.446,0.57,8,1.7,0.419,0.38,-9.8,1.7,0.923,0.94,-1.3,1.7,0,-100.09,835,1.7,0.727,0.87,-6.5,1.7,0,-71.37,2520.4,1.7,0.445,0.09,-19.7
1.71,0.584,0.4,-0.3,1.71,0,-73.49,3671.7,1.71,0.371,0.34,2.4,1.71,0.261,0.11,-1,1.71,0.455,0.35,-11.4,1.71,0.424,0.16,-10.2,1.71,0.931,1.08,23.6,1.71,0,16.7,5004.4,1.71,0.735,0.86,11.7,1.71,0,50.41,3568.4,1.71,0.443,0.1,20.9
1.72,0.586,0.23,-8.7,1.72,0,73.43,3674.3,1.72,0.374,0.37,0.2,1.72,0.262,0.1,0.3,1.72,0.453,0.34,5.1,1.72,0.423,0.18,23.9,1.72,0.944,1.41,-13.2,1.72,0.334,0,-1670,1.72,0.744,1.1,11.9,1.72,1.008,0,-5040.9,1.72,0.447,0.51,-69.8
1.73,0.588,0.23,0.9,1.73,1.469,0,-7343.4,1.73,0.378,0.35,-2.4,1.73,0.263,0.12,1.8,1.73,0.461,0.45,5.4,1.73,0.427,0.64,26,1.73,0.959,0.82,834.8,1.73,0,-16.7,647.6,1.73,0.757,1.1,-8.7,1.73,0,-50.41,2522.6,1.73,0.453,-1.3,-123.4
1.74,0.591,0.25,0.5,1.74,0,-73.43,3670.8,1.74,0.381,0.32,0.3,1.74,0.264,0.14,0.9,1.74,0.462,0.45,4.1,1.74,0.435,0.7,-14.9,1.74,0.961,18.11,-2443,1.74,0,12.95,4157.9,1.74,0.766,0.93,1.3,1.74,0,50.45,2520.4,1.74,0.421,-1.96,43.5
1.75,0.593,0.24,-0.3,1.75,0,73.42,3671.7,1.75,0.385,0.35,1.8,1.75,0.266,0.14,0,1.75,0.47,0.54,-4.2,1.75,0.441,0.34,-14.7,1.75,1.321,-48.04,-1539.8,1.75,0.259,66.46,-1295.3,1.75,0.775,1.12,4.1,1.75,1.009,0,-5045.2,1.75,0.414,-0.43,109.4
1.76,0.596,0.24,1.7,1.76,1.468,0,-7341.6,1.76,0.388,0.36,1.5,1.76,0.267,0.14,0.4,1.76,0.473,0.36,-15.3,1.76,0.442,0.41,11.2,1.76,0,-12.69,4803.1,1.76,1.329,-12.95,-2945.2,1.76,0.788,1.01,-10.2,1.76,0,-50.45,3176.8,1.76,0.412,0.23,55
1.77,0.598,0.27,2.4,1.77,0,-73.42,3670.8,1.77,0.392,0.38,-0.2,1.77,0.268,0.15,0.5,1.77,0.478,0.23,10.5,1.77,0.45,0.57,-7.9,1.77,1.067,48.02,356.8,1.77,0,7.55,647.6,1.77,0.795,0.92,-4.1,1.77,0,63.54,2522.6,1.77,0.419,0.67,12.8
1.78,0.601,0.29,-1.8,1.78,0,73.42,3670.8,1.78,0.396,0.35,-2.4,1.78,0.27,0.15,-0.9,1.78,0.478,0.57,27.8,1.78,0.454,0.25,-9.1,1.78,0.96,-5.55,-2415,1.78,1.48,0,-584.7,1.78,0.807,0.93,-0.1,1.78,1.271,0,-6353.6,1.78,0.426,0.49,-1
1.79,0.604,0.24,-5.2,1.79,1.468,0,-7341.6,1.79,0.399,0.33,0.2,1.79,0.271,0.13,-1,1.79,0.489,0.79,-13,1.79,0.455,0.39,16,1.79,0.956,-0.28,274.1,1.79,0,-4.14,2406.5,1.79,0.814,0.92,-16.1,1.79,0,-63.54,2598.6,1.79,0.428,0.65,20
1.8,0.606,0.19,0.3,1.8,0,-73.42,3670.8,1.8,0.402,0.36,2.3,1.8,0.273,0.13,0.8,1.8,0.493,0.31,-18.3,1.8,0.461,0.57,-0.5,1.8,0.955,-0.07,10.6,1.8,1.397,48.13,-883.4,1.8,0.825,0.61,-5.2,1.8,0,51.97,3176.8,1.8,0.439,0.89,-16.4
1.81,0.608,0.24,4.5,1.81,0,73.42,3670.8,1.81,0.406,0.38,0.5,1.81,0.274,0.14,1.7,1.81,0.495,0.42,6.5,1.81,0.466,0.38,-25,1.81,0.955,-0.06,0.3,1.81,0.963,-21.81,-2407.9,1.81,0.826,0.81,31.2,1.81,1.039,0,-5197.3,1.81,0.446,0.32,-21.1
1.82,0.611,0.28,0.3,1.82,1.468,0,-7341.6,1.82,0.41,0.37,-0.5,1.82,0.275,0.16,1.8,1.82,0.502,0.44,-5.3,1.82,0.469,0.07,-3,1.82,0.954,-0.06,4.6,1.82,0.961,-0.03,1086.6,1.82,0.841,1.23,10.4,1.82,0,-51.97,2526.2,1.82,0.445,0.46,27.8
1.83,0.613,0.25,-1.8,1.83,0,-73.42,3669.1,1.83,0.413,0.37,0.4,1.83,0.277,0.18,0.6,1.83,0.504,0.31,5.4,1.83,0.467,0.32,35.9,1.83,0.953,0.03,4.2,1.83,0.962,-0.07,972.5,1.83,0.851,1.02,-1.2,1.83,0,50.52,2598.6,1.83,0.455,0.88,5.9
1.84,0.616,0.24,-1,1.84,0,73.38,3670.8,1.84,0.417,0.38,0.5,1.84,0.279,0.17,-1.3,1.84,0.508,0.55,12.7,1.84,0.475,0.78,17.1,1.84,0.954,0.02,8.8,1.84,0.96,19.42,-2395.8,1.84,0.861,1.21,-87.2,1.84,1.01,0,-1270.3,1.84,0.463,0.58,-27.8
1.85,0.618,0.23,-3.4,1.85,1.468,0,-7338.1,1.85,0.421,0.38,0.1,1.85,0.281,0.15,-1,1.85,0.515,0.57,-5.2,1.85,0.483,0.66,-55.4,1.85,0.954,0.2,12.4,1.85,1.35,-47.99,-664,1.85,0.875,-0.73,-72.2,1.85,0,25.12,0,1.85,0.467,0.32,16.1
1.86,0.62,0.18,-1.5,1.86,0,-73.38,3672.6,1.86,0.425,0.38,-0.6,1.86,0.282,0.15,0.8,1.86,0.519,0.45,-11.2,1.86,0.488,-0.32,-12.1,1.86,0.958,0.27,-8.7,1.86,0,6.14,2399.6,1.86,0.847,-0.24,176.9,1.86,1.513,0,-5.6,1.86,0.469,0.9,43.3
1.87,0.622,0.2,3,1.87,0,73.45,3669.1,1.87,0.428,0.37,1.2,1.87,0.284,0.17,1.8,1.87,0.524,0.34,-18.4,1.87,0.476,0.42,77.7,1.87,0.959,0.03,-12.8,1.87,1.473,0,1118.3,1.87,0.87,2.81,115.9,1.87,0,25.01,0,1.87,0.485,1.19,-13.8
1.88,0.624,0.24,0.7,1.88,1.469,0,-7345.1,1.88,0.432,0.4,2.6,1.88,0.286,0.19,1.4,1.88,0.526,0.08,10.5,1.88,0.497,1.23,1.1,1.88,0.959,0.01,-0.8,1.88,0,28.51,,1.88,0.903,2.08,-81.4,1.88,2.013,0,-821.2,1.88,0.493,0.62,-41.1
1.89,0.627,0.21,-0.9,1.89,0,-73.45,3669.9,1.89,0.437,0.42,-1.5,1.89,0.287,0.2,0.1,1.89,0.526,0.55,37.5,1.89,0.501,0.44,-39.9,1.89,0.959,0.01,-3.4,,,,,1.89,0.912,1.18,-9.2,1.89,0,8.58,0,1.89,0.497,0.37,3.4
1.9,0.629,0.22,-0.4,1.9,0,73.4,3672.6,1.9,0.441,0.37,-0.4,1.9,0.29,0.19,-1.4,1.9,0.537,0.83,-4,1.9,0.506,0.43,-1.7,1.9,0.959,-0.06,-2.7,,,,,1.9,0.927,1.89,-160,1.9,2.185,0,-2275.2,1.9,0.5,0.69,-120.5
1.91,0.631,0.21,-1,1.91,1.468,0,-7339.9,1.91,0.444,0.41,3.4,1.91,0.291,0.17,-0.5,1.91,0.542,0.47,-17.6,1.91,0.51,0.41,5.8,1.91,0.958,-0.04,2.4,,,,,1.91,0.95,-2.02,59.2,1.91,0,-36.92,5374.7,1.91,0.511,-2.04,6.8
1.92,0.633,0.2,0,1.92,0,-73.4,3656.8,1.92,0.449,0.44,0.2,1.92,0.293,0.18,0.8,1.92,0.547,0.48,-5.6,1.92,0.514,0.55,-32.7,1.92,0.958,-0.01,-0.9,,,,,1.92,0.887,3.08,228,1.92,1.446,107.49,-1769.3,1.92,0.459,0.83,296.3
1.93,0.635,0.21,0.1,1.93,0,73.14,3669.9,1.93,0.453,0.41,-1.5,1.93,0.295,0.19,1.7,1.93,0.552,0.36,-1,1.93,0.521,-0.25,-8.5,1.93,0.958,-0.06,-1.7,,,,,1.93,1.011,2.54,-340.4,1.93,2.15,-72.31,-7081.1,1.93,0.528,3.88,-267.6
1.94,0.637,0.2,-0.6,1.94,1.463,0,-7313.6,1.94,0.457,0.41,0.4,1.94,0.297,0.21,1.9,1.94,0.554,0.46,12,1.94,0.509,0.38,71.9,1.94,0.957,-0.04,,,,,,1.94,0.937,-3.73,387,1.94,0,-34.13,3615.4,1.94,0.537,-4.52,-210.4
1.95,0.639,0.2,0.5,1.95,0,-73.14,3671.7,1.95,0.461,0.42,0.5,1.95,0.299,0.22,-0.4,1.95,0.561,0.6,-6.4,1.95,0.528,1.19,5,,,,,,,,,1.95,0.937,10.28,-602.1,1.95,1.467,0,2845.4,1.95,0.437,-0.33,289.8
1.96,0.641,0.21,0.2,1.96,0,73.43,3656.8,1.96,0.465,0.42,-0.1,1.96,0.301,0.21,-0.9,1.96,0.566,0.33,-6.7,1.96,0.533,0.48,-34.9,,,,,,,,,1.96,1.143,-15.77,-944.6,1.96,0,22.78,0,1.96,0.53,1.27,-12.6
1.97,0.643,0.2,-1,1.97,1.469,0,-7343.4,1.97,0.469,0.42,0.5,1.97,0.303,0.21,-0.1,1.97,0.568,0.47,15.4,1.97,0.538,0.49,3,,,,,,,,,1.97,0.621,-8.61,1624.2,1.97,1.923,0,-869.2,1.97,0.463,-0.58,-11.4
1.98,0.645,0.19,-0.2,1.98,0,-73.43,3671.7,1.98,0.474,0.43,-0.7,1.98,0.305,0.2,0.8,1.98,0.576,0.64,1.9,1.98,0.542,0.54,-0.4,,,,,,,,,1.98,0.971,16.71,411.8,1.98,0,5.39,0,1.98,0.519,1.05,2.6
1.99,0.647,0.2,0.9,1.99,0,73.43,3671.7,1.99,0.478,0.41,1.1,1.99,0.307,0.22,1.9,1.99,0.58,0.51,-6.5,1.99,0.549,0.48,4.5,,,,,,,,,1.99,0.955,-0.37,-825.8,1.99,2.031,0,694.2,1.99,0.484,-0.53,-228.1
2,0.649,0.21,0.5,2,1.469,0,-7343.4,2,0.482,0.45,3.1,2,0.31,0.24,0.1,2,0.586,0.51,-0.3,2,0.552,0.63,-5.9,,,,,,,,,2,0.963,0.2,438.1,2,0,19.28,0,2,0.508,-3.52,103.2
2.01,0.651,0.21,0.1,2.01,0,-73.43,3685.7,2.01,0.487,0.47,-1.5,2.01,0.312,0.22,-1.4,2.01,0.59,0.5,2.1,2.01,0.561,0.37,-35.8,,,,,,,,,2.01,0.959,8.39,-1344.1,2.01,2.416,0,167.8,2.01,0.413,1.54,407.6
2.02,0.653,0.21,-0.3,2.02,0,73.71,3671.7,2.02,0.491,0.42,-0.2,2.02,0.314,0.21,0.4,2.02,0.596,0.55,0,2.02,0.559,-0.09,12,,,,,,,,,2.02,1.131,-26.68,-2115.9,2.02,0,22.64,0,2.02,0.539,4.63,-13.4
2.03,0.655,0.2,-1,2.03,1.474,0,-7371.4,2.03,0.496,0.46,2,2.03,0.316,0.23,1.3,2.03,0.601,0.5,-3.7,2.03,0.559,0.61,56.8,,,,,,,,,2.03,0.426,-33.93,2287.8,2.03,2.869,0,-7729.6,2.03,0.506,1.27,-430.3
2.04,0.657,0.19,-0.1,2.04,0,-73.71,3685.7,2.04,0.501,0.46,0.1,2.04,0.319,0.24,0.9,2.04,0.606,0.47,2,2.04,0.572,1.05,4.5,,,,,,,,,2.04,0.453,19.07,2963.9,2.04,0,-131.96,0,2.04,0.564,-3.97,-425.4
2.05,0.659,0.2,0.5,2.05,0,73.71,3685.7,2.05,0.505,0.47,-0.5,2.05,0.321,0.25,1,2.05,0.611,0.54,-8.1,2.05,0.58,0.7,-26.2,,,,,,,,,2.05,0.807,25.35,-621.9,2.05,0.23,0,6778.7,2.05,0.427,-7.24,410.6
2.06,0.661,0.2,-0.5,2.06,1.474,0,-7371.4,2.06,0.51,0.45,-0.3,2.06,0.324,0.26,-0.3,2.06,0.617,0.31,5.9,2.06,0.585,0.52,-15.8,,,,,,,,,2.06,0.96,6.63,-1292.9,2.06,0,3.62,5264.3,2.06,0.42,4.24,614.9
2.07,0.663,0.19,3,2.07,0,-73.71,3672.6,2.07,0.514,0.46,1.8,2.07,0.326,0.24,-1.6,2.07,0.617,0.66,27.9,2.07,0.591,0.38,-0.5,,,,,,,,,2.07,0.94,-0.51,-187.2,2.07,0.302,105.29,-936.7,2.07,0.511,5.06,-395.5
2.08,0.665,0.26,1.3,2.08,0,73.45,3685.7,2.08,0.519,0.49,1.1,2.08,0.329,0.23,1.7,2.08,0.63,0.87,-0.7,2.08,0.593,0.51,13.6,,,,,,,,,2.08,0.949,2.89,-520.9,2.08,2.106,-15.11,-6922.1,2.08,0.521,-3.67,-215
2.09,0.668,0.21,-5.7,2.09,1.469,0,-7345.1,2.09,0.524,0.48,-0.9,2.09,0.331,0.28,2,2.09,0.635,0.64,2.2,2.09,0.601,0.65,1,,,,,,,,,2.09,0.998,-10.93,-311.9,2.09,0,-33.16,755.7,2.09,0.438,0.76,56.1
2.1,0.669,0.14,2.8,2.1,0,-73.45,3673.4,2.1,0.529,0.47,-0.4,2.1,0.334,0.27,-1,2.1,0.643,0.91,-5.6,2.1,0.606,0.54,-4.2,,,,,,,,,2.1,0.731,-3.35,,2.1,1.443,0,-1693.5,2.1,0.536,-2.55,24.9
2.11,0.671,0.27,6,2.11,0,73.47,3672.6,2.11,0.533,0.47,-0.4,2.11,0.336,0.26,0.9,2.11,0.653,0.53,-11.2,2.11,0.612,0.57,-17.8,,,,,,,,,,,,,2.11,0,-67.03,0,2.11,0.387,1.26,114.7
2.12,0.674,0.26,-4.5,2.12,1.469,0,-7346.9,2.12,0.538,0.47,-1.3,2.12,0.339,0.28,1.1,2.12,0.653,0.69,10.9,2.12,0.618,0.18,-11.6,,,,,,,,,,,,,2.12,0.102,0,4219.9,2.12,0.561,-0.25,-135.2
2.13,0.676,0.18,-3.6,2.13,0,-73.47,3673.4,2.13,0.543,0.45,1.7,2.13,0.342,0.28,-1.3,2.13,0.667,0.75,-24.1,2.13,0.615,0.34,33.6,,,,,,,,,,,,,2.13,0,17.37,0,2.13,0.382,-1.45,328.2
2.14,0.678,0.19,0.1,2.14,0,73.47,3673.4,2.14,0.547,0.5,1.8,2.14,0.345,0.26,-1.1,2.14,0.668,0.21,-18.9,2.14,0.624,0.85,17.4,,,,,,,,,,,,,2.14,0.449,0,-1178.3,2.14,0.532,6.31,-41.9
2.15,0.68,0.18,-0.5,2.15,1.469,0,-7346.9,2.15,0.553,0.48,1.4,2.15,0.347,0.25,1.6,2.15,0.671,0.37,17.6,2.15,0.632,0.69,-14.9,,,,,,,,,,,,,2.15,0,-6.19,0,2.15,0.508,-2.28,67.4
2.16,0.681,0.18,0.1,2.16,0,-73.47,3686.6,2.16,0.557,0.53,1.4,2.16,0.35,0.29,2.8,2.16,0.676,0.56,10.4,2.16,0.638,0.55,4.6,,,,,,,,,,,,,2.16,0.326,0,-504.1,2.16,0.487,7.66,127.7
2.17,0.683,0.18,-0.3,2.17,0,73.73,3673.4,2.17,0.563,0.51,-3.1,2.17,0.353,0.31,0.1,2.17,0.682,0.58,-9,2.17,0.643,0.78,2.6,,,,,,,,,,,,,2.17,0,-16.28,0,2.17,0.661,0.27,-517.9
2.18,0.685,0.17,-1,2.18,1.475,0,-7373.2,2.18,0.567,0.47,0.2,2.18,0.356,0.29,-1,2.18,0.687,0.38,-12.8,2.18,0.654,0.6,-15.9,,,,,,,,,,,,,2.18,0,0,2263.5,2.18,0.492,-2.7,-412.4
2.19,0.687,0.16,-0.2,2.19,0,-73.73,3652.5,2.19,0.572,0.52,1.6,2.19,0.359,0.29,1,2.19,0.69,0.33,32.6,2.19,0.656,0.46,-2.6,,,,,,,,,,,,,2.19,0,28.99,0,2.19,0.607,-7.98,-298.5
2.2,0.688,0.17,0.9,2.2,0,73.05,3686.6,2.2,0.577,0.5,6.7,2.2,0.362,0.31,0.1,2.2,0.694,1.03,-6.8,2.2,0.663,0.55,0.2,,,,,,,,,,,,,2.2,0.58,0,-2689.8,2.2,0.333,-8.67,646.8
2.21,0.69,0.18,0.9,2.21,1.461,0,-7304.9,2.21,0.582,0.65,-0.1,2.21,0.365,0.29,-1.5,2.21,0.71,0.19,-41,2.21,0.667,0.46,1.4,,,,,,,,,,,,,2.21,0,-24.8,4145.9,2.21,0.434,4.96,617.6
2.22,0.692,0.19,0.6,2.22,0,-73.05,3668.2,2.22,0.59,0.49,-6.7,2.22,0.368,0.28,0.8,2.22,0.698,0.21,55.4,2.22,0.672,0.58,3.8,,,,,,,,,,,,,2.22,0.084,82.92,4812.9,2.22,0.432,3.68,29.4
2.23,0.694,0.19,-0.4,2.23,0,73.36,3652.5,2.23,0.592,0.51,2.4,2.23,0.371,0.31,1.4,2.23,0.714,1.3,31.6,2.23,0.678,0.54,4.4,,,,,,,,,,,,,2.23,1.658,71.45,-2319.2,2.23,0.507,5.55,-197.6
2.24,0.696,0.18,-0.5,2.24,1.467,0,-7336.4,2.24,0.601,0.54,-6.1,2.24,0.374,0.31,0.4,2.24,0.724,0.84,-134.6,2.24,0.683,0.67,-18.3,,,,,,,,,,,,,2.24,1.513,36.53,-7355,2.24,0.543,-0.27,-350.8
2.25,0.698,0.18,-0.1,2.25,0,-73.36,3666.4,2.25,0.603,0.39,-1.1,2.25,0.377,0.32,0.5,2.25,0.731,-1.39,879.3,2.25,0.692,0.17,2.6,,,,,,,,,,,,,2.25,2.389,-75.65,-6451.3,2.25,0.502,-1.47,173
2.26,0.699,0.18,0.5,2.26,0,73.33,3668.2,2.26,0.608,0.52,11.1,2.26,0.38,0.32,-0.1,2.26,0.696,18.43,394.2,2.26,0.686,0.72,33.7,,,,,,,,,,,,,2.26,0,-92.49,3782.3,2.26,0.513,3.19,-174.4
2.27,0.701,0.19,-8.90E-04,2.27,1.467,0,-7332.9,2.27,0.614,0.61,1.1,2.27,0.383,0.32,0.7,2.27,1.1,6.49,-1757.5,2.27,0.706,0.85,-16.9,,,,,,,,,,,,,2.27,0.539,0,4840.4,2.27,0.566,-4.95,826.9
2.28,0.703,0.18,-0.1,2.28,0,-73.33,3669.9,2.28,0.621,0.54,-9.2,2.28,0.387,0.33,2.4,2.28,0.826,-16.72,-624,2.28,0.703,0.38,-4.3,,,,,,,,,,,,,2.28,0,4.31,0,2.28,0.414,19.73,-69.9
2.29,0.705,0.19,0.5,2.29,0,73.4,3666.4,2.29,0.624,0.43,9.5,2.29,0.39,0.36,0.3,2.29,0.765,-5.99,1838.2,2.29,0.714,0.76,16.5,,,,,,,,,,,,,2.29,0.625,0,-807.2,2.29,0.96,-6.35,-2005.6
2.3,0.707,0.19,0.1,2.3,1.468,0,-7339.9,2.3,0.629,0.73,6.3,2.3,0.394,0.34,-3.3,2.3,0.706,20.04,204.7,2.3,0.718,0.71,1.7,,,,,,,,,,,,,2.3,0,-11.83,4851.2,2.3,0.287,-20.38,986.3
2.31,0.709,0.19,-0.3,2.31,0,-73.4,2598.6,2.31,0.639,0.56,-12.7,2.31,0.397,0.3,-0.6,2.31,1.166,-1.9,467.9,2.31,0.728,0.8,-1.8,,,,,,,,,,,,,2.31,0.389,97.02,-380.8,2.31,0.553,13.37,301.8
2.32,0.711,0.18,-1,2.32,0,51.97,3669.9,2.32,0.64,0.48,6.1,2.32,0.4,0.33,1.3,2.32,0.668,29.4,499.1,2.32,0.734,0.68,-28.7,,,,,,,,,,,,,2.32,1.94,-19.44,-7542.6,2.32,0.555,-14.35,-217.5
2.33,0.712,0.17,-0.1,2.33,1.039,0,-5197.3,2.33,0.649,0.68,3.9,2.33,0.403,0.32,1.4,2.33,1.754,8.09,-3819.7,2.33,0.741,0.22,-3.8,,,,,,,,,,,,,2.33,0,-53.83,6035,2.33,0.266,9.03,1090.2
2.34,0.714,0.18,0.5,2.34,0,-51.97,3633.3,2.34,0.654,0.56,-2.4,2.34,0.406,0.35,0.7,2.34,0.83,-47,-427.9,2.34,0.739,0.6,41.2,,,,,,,,,,,,,2.34,0.864,101.25,531.7,2.34,0.735,7.46,-995
2.35,0.716,0.18,0.1,2.35,0,72.67,2598.6,2.35,0.66,0.63,-0.4,2.35,0.41,0.34,-2.1,2.35,0.814,-0.47,2341,2.35,0.753,1.05,-8.5,,,,,,,,,,,,,2.35,2.025,-43.19,-6543.3,2.35,0.415,-10.88,12.6
2.36,0.718,0.18,-0.4,2.36,1.453,0,-7266.6,2.36,0.667,0.55,-4.8,2.36,0.413,0.31,1.6,2.36,0.82,-0.17,-7.5,2.36,0.76,0.43,-11.3,,,,,,,,,,,,,2.36,0,-29.61,2159.7,2.36,0.518,7.71,-315.2
2.37,0.719,0.17,-0.4,2.37,0,-72.67,3636.8,2.37,0.671,0.53,4.6,2.37,0.416,0.37,3,2.37,0.811,-0.62,36.1,2.37,0.762,0.82,-32.4,,,,,,,,,,,,,2.37,1.433,0,-1937.2,2.37,0.569,-17.18,-1191.8
2.38,0.721,0.17,-0.6,2.38,0,72.74,3633.3,2.38,0.677,0.64,0.4,2.38,0.42,0.37,-1.4,2.38,0.808,0.55,79.1,2.38,0.776,-0.22,-14.8,,,,,,,,,,,,,2.38,0,-68.35,3009.2,2.38,0.174,-16.13,1743.7
2.39,0.723,0.16,0.3,2.39,1.455,0,-7273.5,2.39,0.684,0.54,-2.9,2.39,0.424,0.34,-0.7,2.39,0.822,0.96,0.7,2.39,0.758,0.52,106.2,,,,,,,,,,,,,2.39,0.066,60.18,7550.9,2.39,0.246,17.69,1323.1
2.4,0.724,0.18,1.2,2.4,0,-72.74,3583,2.4,0.688,0.58,1.9,2.4,0.427,0.36,2.4,2.4,0.827,0.56,-28,2.4,0.787,1.91,36.8,,,,,,,,,,,,,2.4,1.204,82.66,,2.4,0.528,10.33,193.6
2.41,0.727,0.18,-1,2.41,0,71.66,3636.8,2.41,0.695,0.58,0.7,2.41,0.431,0.39,0.6,2.41,0.833,0.4,-16.5,2.41,0.796,1.26,-54.2,,,,,,,,,,,,,,,,,2.41,0.453,21.57,-396.4
2.42,0.728,0.16,-0.5,2.42,1.433,0,-7166.1,2.42,0.7,0.6,2.5,2.42,0.435,0.37,-1.1,2.42,0.835,0.23,-6.4,2.42,0.812,0.82,107.7,,,,,,,,,,,,,,,,,2.42,0.959,2.41,-1841.1
2.43,0.73,0.17,-8.10E-04,2.43,0,-71.66,2616.9,2.43,0.707,0.63,-2.7,2.43,0.438,0.37,1.3,2.43,0.838,0.27,13,2.43,0.812,3.41,-596.2,,,,,,,,,,,,,,,,,2.43,0.501,-15.26,-91.8
2.44,0.732,0.16,-0.1,2.44,0,52.34,3583,2.44,0.712,0.54,0.2,2.44,0.442,0.4,1,2.44,0.84,0.49,26.6,2.44,0.88,-11.1,-303,,,,,,,,,,,,,,,,,2.44,0.654,0.57,478.8
2.45,0.733,0.17,0.6,2.45,1.047,0,1374,2.45,0.718,0.63,1.2,2.45,0.446,0.39,-0.1,2.45,0.847,0.8,40.3,2.45,0.59,-2.65,1156,,,,,,,,,,,,,,,,,2.45,0.513,-5.68,-194.8
2.46,0.735,0.17,-0.4,2.46,0,79.82,0,2.46,0.725,0.57,4.6,2.46,0.45,0.4,0.4,2.46,0.856,1.3,-77.2,2.46,0.827,12.02,163,,,,,,,,,,,,,,,,,2.46,0.541,-3.32,
2.47,0.736,0.16,-0.3,2.47,2.643,0,-5591.1,2.47,0.729,0.73,2.2,2.47,0.454,0.39,-0.6,2.47,0.873,-0.74,-24.8,2.47,0.831,0.61,-599.3,,,,,,,,,,,,,,,,,,,,
2.48,0.738,0.17,-0.9,2.48,0,-32,0,2.48,0.74,0.61,-11.8,2.48,0.458,0.38,8.8,2.48,0.841,0.8,123.1,2.48,0.84,0.03,2,,,,,,,,,,,,,,,,,,,,
2.49,0.74,0.15,-1,2.49,2.003,0,1660.7,2.49,0.742,0.49,9.8,2.49,0.462,0.57,1.8,2.49,0.889,1.72,36,2.49,0.831,0.65,31.3,,,,,,,,,,,,,,,,,,,,
2.5,0.741,0.15,0.2,2.5,0,1.21,0,2.5,0.749,0.81,5,2.5,0.469,0.42,-15.7,2.5,0.876,1.52,10,2.5,0.853,0.66,5.3,,,,,,,,,,,,,,,,,,,,
2.51,0.743,0.15,-1,2.51,2.027,0,-3643.7,2.51,0.758,0.59,-9.4,2.51,0.47,0.25,0.1,2.51,0.92,1.92,-89.8,2.51,0.844,0.76,37.6,,,,,,,,,,,,,,,,,,,,
2.52,0.744,0.13,-0.6,2.52,0,-71.66,0,2.52,0.761,0.62,9.1,2.52,0.474,0.42,6.8,2.52,0.914,-0.28,-68.8,2.52,0.868,1.41,-26.3,,,,,,,,,,,,,,,,,,,,
2.53,0.745,0.14,,2.53,0.594,0,2473.3,2.53,0.77,0.77,1.9,2.53,0.479,0.39,8.2,2.53,0.914,0.55,-60.7,2.53,0.873,0.23,-85.1,,,,,,,,,,,,,,,,,,,,
,,,,2.54,0,-22.2,0,2.54,0.777,0.66,-15.5,2.54,0.482,0.59,2.8,2.54,0.925,-1.49,-6.7,2.54,0.873,-0.29,55.4,,,,,,,,,,,,,,,,,,,,
,,,,2.55,0.15,0,2357,2.55,0.784,0.46,-7.7,2.55,0.491,0.45,-14.2,2.55,0.884,0.41,218.6,2.55,0.867,1.34,64.3,,,,,,,,,,,,,,,,,,,,
,,,,2.56,0,24.94,0,2.56,0.786,0.5,16.7,2.56,0.491,0.3,-8.7,2.56,0.934,2.88,11.7,2.56,0.899,0.99,-124.1,,,,,,,,,,,,,,,,,,,,
,,,,2.57,0.649,0,-2014,2.57,0.794,0.8,14.1,2.57,0.497,0.27,4.7,2.57,0.942,0.65,-284.4,2.57,0.887,-1.14,21.1,,,,,,,,,,,,,,,,,,,,
,,,,2.58,0,-15.34,5221.9,2.58,0.802,0.79,-7,2.58,0.497,0.4,17.1,2.58,0.946,-2.8,680.3,2.58,0.877,1.42,147.7,,,,,,,,,,,,,,,,,,,,
,,,,2.59,0.342,104.44,-88.6,2.59,0.809,0.66,-17.5,2.59,0.505,0.61,2,2.59,0.886,14.25,343.1,2.59,0.915,1.82,-51.8,,,,,,,,,,,,,,,,,,,,
,,,,2.6,2.089,-17.11,-8990.9,2.6,0.815,0.44,-7.3,2.6,0.509,0.44,-7.9,2.6,1.231,4.06,-1277.4,2.6,0.913,0.38,-40.2,,,,,,,,,,,,,,,,,,,,
,,,,2.61,0,-75.38,5264.7,2.61,0.818,0.51,10.8,2.61,0.513,0.46,-0.6,2.61,0.967,-11.3,-172.3,2.61,0.923,1.01,33,,,,,,,,,,,,,,,,,,,,
,,,,2.62,0.581,88.19,6374.7,2.62,0.825,0.65,1.7,2.62,0.518,0.42,7.1,2.62,1.005,0.61,435.5,2.62,0.933,1.04,162.2,,,,,,,,,,,,,,,,,,,,
,,,,2.63,1.764,52.12,-5599.7,2.63,0.831,0.54,-16.1,2.63,0.522,0.6,12,2.63,0.979,-2.59,-101.2,2.63,0.943,4.26,-652.9,,,,,,,,,,,,,,,,,,,,
,,,,2.64,1.623,-23.81,-6664.5,2.64,0.836,0.33,1.3,2.64,0.53,0.66,-14.8,2.64,0.954,-1.41,135.2,2.64,1.018,-12.02,-172.7,,,,,,,,,,,,,,,,,,,,
,,,,2.65,1.288,-81.17,-2028.5,2.65,0.838,0.57,36.5,2.65,0.535,0.3,-9.8,2.65,0.951,0.12,75.8,2.65,0.703,0.8,910,,,,,,,,,,,,,,,,,,,,
,,,,2.66,0,-64.38,9302.9,2.66,0.848,1.06,3.7,2.66,0.536,0.47,15.6,2.66,0.956,0.1,0.1,2.66,1.034,6.18,-172.9,,,,,,,,,,,,,,,,,,,,
,,,,2.67,0,104.88,3218.9,2.67,0.859,0.65,-13.6,2.67,0.544,0.61,-8.5,2.67,0.953,0.12,-13.1,2.67,0.827,-2.65,-198.4,,,,,,,,,,,,,,,,,,,,
,,,,2.68,2.098,0,-10365.2,2.68,0.86,0.79,14.5,2.68,0.548,0.3,-4.7,2.68,0.958,-0.16,-19.6,2.68,0.981,2.21,-299.6,,,,,,,,,,,,,,,,,,,,
,,,,2.69,0,-102.42,4293.9,2.69,0.875,0.94,-11.6,2.69,0.55,0.52,9.5,2.69,0.95,-0.28,42.8,2.69,0.871,-8.65,1283.5,,,,,,,,,,,,,,,,,,,,
,,,,2.7,0.049,85.88,8309.4,2.7,0.879,0.56,-9.5,2.7,0.559,0.49,-5.3,2.7,0.953,0.7,7.2,2.7,0.808,27.88,1154.6,,,,,,,,,,,,,,,,,,,,
,,,,2.71,1.718,63.77,-5201.1,2.71,0.886,0.75,2.8,2.71,0.56,0.42,8.5,2.71,0.964,-0.13,-49.4,2.71,1.428,14.44,-1456.7,,,,,,,,,,,,,,,,,,,,
,,,,2.72,1.325,-18.14,-4301.2,2.72,0.894,0.62,-5.3,2.72,0.567,0.66,4.5,2.72,0.95,-0.29,25,2.72,1.097,-1.25,-1163.7,,,,,,,,,,,,,,,,,,,,
,,,,2.73,1.355,-22.26,137.4,2.73,0.898,0.64,9.4,2.73,0.573,0.51,-7.4,2.73,0.958,0.37,15.5,2.73,1.403,-8.83,-742,,,,,,,,,,,,,,,,,,,,
,,,,2.74,0.879,-15.39,1066.5,2.74,0.907,0.8,2.9,2.74,0.577,0.51,5.8,2.74,0.958,0.02,-30.6,2.74,0.921,-16.09,403.6,,,,,,,,,,,,,,,,,,,,
,,,,2.75,1.047,-0.93,526.7,2.75,0.915,0.7,-7.9,2.75,0.583,0.62,-21.7,2.75,0.959,-0.24,-6.3,2.75,1.082,-0.76,1229.5,,,,,,,,,,,,,,,,,,,,
,,,,2.76,0.861,-4.86,743.9,2.76,0.921,0.65,8.6,2.76,0.59,0.08,-12.6,2.76,0.953,-0.1,25.6,2.76,0.905,8.5,1531.1,,,,,,,,,,,,,,,,,,,,
,,,,2.77,0.95,13.95,448.1,2.77,0.927,0.87,9.3,2.77,0.585,0.37,40.9,2.77,0.957,0.27,7,2.77,1.252,29.86,-1442.1,,,,,,,,,,,,,,,,,,,,
,,,,2.78,1.14,4.1,-630.9,2.78,0.938,0.83,-28.8,2.78,0.597,0.89,8.3,2.78,0.958,0.04,-4.9,2.78,1.503,-20.34,-2028.9,,,,,,,,,,,,,,,,,,,,
,,,,2.79,1.032,1.33,-667.8,2.79,0.944,0.29,-5.6,2.79,0.603,0.54,-19.5,2.79,0.957,0.17,-53.5,2.79,0.845,-10.71,2409.8,,,,,,,,,,,,,,,,,,,,
,,,,2.8,1.167,-9.25,457.5,2.8,0.944,0.72,57.9,2.8,0.608,0.5,2.4,2.8,0.962,-1.03,-30.8,2.8,1.288,27.85,-15.7,,,,,,,,,,,,,,,,,,,,
,,,,2.81,0.847,10.48,712,2.81,0.958,1.45,-89.1,2.81,0.613,0.58,1.5,2.81,0.937,-0.44,100.8,2.81,1.402,-11.03,-2250.5,,,,,,,,,,,,,,,,,,,,
,,,,2.82,1.376,4.99,-1613.2,2.82,0.973,-1.06,-118,2.82,0.619,0.53,-3.7,2.82,0.953,0.98,29.2,2.82,1.068,-17.16,210.1,,,,,,,,,,,,,,,,,,,,
,,,,2.83,0.946,-21.78,617.9,2.83,0.937,-0.91,119.3,2.83,0.623,0.51,5.3,2.83,0.956,0.14,-54.8,2.83,1.059,-6.83,578.9,,,,,,,,,,,,,,,,,,,,
,,,,2.84,0.941,17.35,943.7,2.84,0.955,1.32,55.8,2.84,0.63,0.64,-7,2.84,0.956,-0.11,-167.9,2.84,0.931,-5.58,1623.8,,,,,,,,,,,,,,,,,,,,
,,,,2.85,1.293,-2.9,-673.1,2.85,0.964,0.21,-69.9,2.85,0.636,0.37,-6.6,2.85,0.954,-3.22,2.3,2.85,0.947,25.65,810.2,,,,,,,,,,,,,,,,,,,,
,,,,2.86,0.883,3.88,437.4,2.86,0.959,-0.07,9,2.86,0.637,0.51,16.2,2.86,0.891,-0.07,,2.86,1.444,10.62,,,,,,,,,,,,,,,,,,,,,
,,,,2.87,1.371,5.84,-197.3,2.87,0.962,0.39,3.8,2.87,0.646,0.69,1.7,,,,,,,,,,,,,,,,,,,,,,,,,,,,
,,,,2.88,1,-0.06,1195.8,2.88,0.967,0,-28.5,2.88,0.651,0.54,-8,,,,,,,,,,,,,,,,,,,,,,,,,,,,
,,,,2.89,1.37,29.76,-2273.1,2.89,0.962,-0.18,-13.8,2.89,0.657,0.53,1.2,,,,,,,,,,,,,,,,,,,,,,,,,,,,
,,,,2.9,1.595,-45.52,-2390.4,2.9,0.963,-0.27,256.2,2.9,0.662,0.57,5,,,,,,,,,,,,,,,,,,,,,,,,,,,,
,,,,2.91,0.459,-18.05,3791.3,2.91,0.957,4.94,-300.1,2.91,0.668,0.63,3.5,,,,,,,,,,,,,,,,,,,,,,,,,,,,
,,,,2.92,1.234,30.3,103.1,2.92,1.062,-6.28,1110.5,2.92,0.674,0.63,-14.3,,,,,,,,,,,,,,,,,,,,,,,,,,,,
,,,,2.93,1.065,-15.99,-2328.7,2.93,0.831,27.15,2952.9,2.93,0.681,0.35,-7.6,,,,,,,,,,,,,,,,,,,,,,,,,,,,
,,,,2.94,0.914,-16.27,2582.9,2.94,1.605,52.78,-3201.1,2.94,0.681,0.48,23.6,,,,,,,,,,,,,,,,,,,,,,,,,,,,
,,,,2.95,0.74,35.67,2458.6,2.95,1.887,-36.87,-1898.4,2.95,0.691,0.82,5.7,,,,,,,,,,,,,,,,,,,,,,,,,,,,
,,,,2.96,1.627,32.9,-3595.7,2.96,0.867,14.81,-324.8,2.96,0.698,0.6,-13.1,,,,,,,,,,,,,,,,,,,,,,,,,,,,
,,,,2.97,1.398,-36.24,-1171.4,2.97,2.183,-43.37,-6198.7,2.97,0.703,0.56,1.4,,,,,,,,,,,,,,,,,,,,,,,,,,,,
,,,,2.98,0.903,9.47,2704.9,2.98,0,-109.16,,2.98,0.709,0.63,0.3,,,,,,,,,,,,,,,,,,,,,,,,,,,,
,,,,2.99,1.587,17.85,-819.2,,,,,2.99,0.715,0.56,2.6,,,,,,,,,,,,,,,,,,,,,,,,,,,,
,,,,3,1.26,-6.91,-1566.7,,,,,3,0.72,0.68,9.5,,,,,,,,,,,,,,,,,,,,,,,,,,,,
,,,,3.01,1.449,-13.48,195,,,,,3.01,0.729,0.75,-3.2,,,,,,,,,,,,,,,,,,,,,,,,,,,,
,,,,3.02,0.99,-3.01,1031.9,,,,,3.02,0.735,0.61,-5.7,,,,,,,,,,,,,,,,,,,,,,,,,,,,
,,,,3.03,1.389,7.16,-16.4,,,,,3.03,0.741,0.64,-0.1,,,,,,,,,,,,,,,,,,,,,,,,,,,,
,,,,3.04,1.133,-3.34,108.4,,,,,3.04,0.748,0.61,0.3,,,,,,,,,,,,,,,,,,,,,,,,,,,,
,,,,3.05,1.322,9.33,686.2,,,,,3.05,0.753,0.65,1.3,,,,,,,,,,,,,,,,,,,,,,,,,,,,
,,,,3.06,1.32,10.38,-561.6,,,,,3.06,0.761,0.64,-1.7,,,,,,,,,,,,,,,,,,,,,,,,,,,,
,,,,3.07,1.53,-1.9,-3094.3,,,,,3.07,0.766,0.61,-1,,,,,,,,,,,,,,,,,,,,,,,,,,,,
,,,,3.08,1.282,-51.5,-589.5,,,,,3.08,0.773,0.62,8.7,,,,,,,,,,,,,,,,,,,,,,,,,,,,
,,,,3.09,0.5,-13.69,3701.4,,,,,3.09,0.779,0.79,1.3,,,,,,,,,,,,,,,,,,,,,,,,,,,,
,,,,3.1,1.008,22.53,1709.5,,,,,3.1,0.789,0.65,-17.8,,,,,,,,,,,,,,,,,,,,,,,,,,,,
,,,,3.11,0.95,20.49,-1234.7,,,,,3.11,0.791,0.43,8.4,,,,,,,,,,,,,,,,,,,,,,,,,,,,
,,,,3.12,1.418,-2.17,-1213.8,,,,,3.12,0.797,0.81,14.6,,,,,,,,,,,,,,,,,,,,,,,,,,,,
,,,,3.13,0.907,-3.78,2162.7,,,,,3.13,0.808,0.72,-15.2,,,,,,,,,,,,,,,,,,,,,,,,,,,,
,,,,3.14,1.342,41.09,92.3,,,,,3.14,0.812,0.51,-4.8,,,,,,,,,,,,,,,,,,,,,,,,,,,,
,,,,3.15,1.728,-1.94,-3113.4,,,,,3.15,0.818,0.63,9.7,,,,,,,,,,,,,,,,,,,,,,,,,,,,
,,,,3.16,1.303,-21.18,289.4,,,,,3.16,0.824,0.7,-20.1,,,,,,,,,,,,,,,,,,,,,,,,,,,,
,,,,3.17,1.305,3.85,1182.2,,,,,3.17,0.832,0.22,-2.1,,,,,,,,,,,,,,,,,,,,,,,,,,,,
,,,,3.18,1.38,2.46,-1691.8,,,,,3.18,0.829,0.66,29.6,,,,,,,,,,,,,,,,,,,,,,,,,,,,
,,,,3.19,1.354,-29.98,173.1,,,,,3.19,0.845,0.82,-40.1,,,,,,,,,,,,,,,,,,,,,,,,,,,,
,,,,3.2,0.781,5.92,3237.5,,,,,3.2,0.845,-0.14,-9.5,,,,,,,,,,,,,,,,,,,,,,,,,,,,
,,,,3.21,1.472,34.77,-2014.2,,,,,3.21,0.842,0.63,76.5,,,,,,,,,,,,,,,,,,,,,,,,,,,,
,,,,3.22,1.476,-34.36,-1895.2,,,,,3.22,0.858,1.39,-71.1,,,,,,,,,,,,,,,,,,,,,,,,,,,,
,,,,3.23,0.785,-3.14,2425.1,,,,,3.23,0.87,-0.8,-35,,,,,,,,,,,,,,,,,,,,,,,,,,,,
,,,,3.24,1.413,14.14,-1176.9,,,,,3.24,0.842,0.69,165.4,,,,,,,,,,,,,,,,,,,,,,,,,,,,
,,,,3.25,1.068,-26.68,-717.2,,,,,3.25,0.884,2.51,7.7,,,,,,,,,,,,,,,,,,,,,,,,,,,,
,,,,3.26,0.88,-0.2,2470.3,,,,,3.26,0.892,0.84,-99.9,,,,,,,,,,,,,,,,,,,,,,,,,,,,
,,,,3.27,1.064,22.73,507.1,,,,,3.27,0.901,0.51,-73.4,,,,,,,,,,,,,,,,,,,,,,,,,,,,
,,,,3.28,1.334,9.94,-655.9,,,,,3.28,0.902,-0.62,-1.8,,,,,,,,,,,,,,,,,,,,,,,,,,,,
,,,,3.29,1.263,9.61,-1387.2,,,,,3.29,0.888,0.48,134,,,,,,,,,,,,,,,,,,,,,,,,,,,,
,,,,3.3,1.527,-17.81,-2082,,,,,3.3,0.912,2.06,22.5,,,,,,,,,,,,,,,,,,,,,,,,,,,,
,,,,3.31,0.907,-32.03,2090.7,,,,,3.31,0.93,0.93,-187.9,,,,,,,,,,,,,,,,,,,,,,,,,,,,
,,,,3.32,0.886,24.01,2861.8,,,,,3.32,0.93,-1.7,54.7,,,,,,,,,,,,,,,,,,,,,,,,,,,,
,,,,3.33,1.387,25.21,-1603.7,,,,,3.33,0.895,2.02,-37.4,,,,,,,,,,,,,,,,,,,,,,,,,,,,
,,,,3.34,1.39,-8.06,-2464.8,,,,,3.34,0.971,-2.45,289.5,,,,,,,,,,,,,,,,,,,,,,,,,,,,
,,,,3.35,1.226,-24.09,-507.7,,,,,3.35,0.846,7.81,376.6,,,,,,,,,,,,,,,,,,,,,,,,,,,,
,,,,3.36,0.908,-18.22,2786.7,,,,,3.36,1.127,5.08,-795.7,,,,,,,,,,,,,,,,,,,,,,,,,,,,
,,,,3.37,0.861,31.65,1372.8,,,,,3.37,0.948,-8.1,-326.3,,,,,,,,,,,,,,,,,,,,,,,,,,,,
,,,,3.38,1.541,9.24,-3338.4,,,,,3.38,0.965,-1.45,295,,,,,,,,,,,,,,,,,,,,,,,,,,,,
,,,,3.39,1.046,-35.12,-285.3,,,,,3.39,0.919,-2.2,157.7,,,,,,,,,,,,,,,,,,,,,,,,,,,,
,,,,3.4,0.839,3.53,2795.7,,,,,3.4,0.921,1.71,183.6,,,,,,,,,,,,,,,,,,,,,,,,,,,,
,,,,3.41,1.117,20.79,373.7,,,,,3.41,0.953,1.47,-135,,,,,,,,,,,,,,,,,,,,,,,,,,,,
,,,,3.42,1.255,11.01,-1852.7,,,,,3.42,0.95,-0.99,-72.9,,,,,,,,,,,,,,,,,,,,,,,,,,,,
,,,,3.43,1.337,-16.26,-223.9,,,,,3.43,0.934,0.01,100.1,,,,,,,,,,,,,,,,,,,,,,,,,,,,
,,,,3.44,0.93,6.53,856,,,,,3.44,0.95,1.01,10,,,,,,,,,,,,,,,,,,,,,,,,,,,,
,,,,3.45,1.467,0.86,-1576.8,,,,,3.45,0.954,0.21,-90.6,,,,,,,,,,,,,,,,,,,,,,,,,,,,
,,,,3.46,0.947,-25.01,255,,,,,3.46,0.954,-0.8,57,,,,,,,,,,,,,,,,,,,,,,,,,,,,
,,,,3.47,0.967,5.96,1476.6,,,,,3.47,0.938,1.35,-220.9,,,,,,,,,,,,,,,,,,,,,,,,,,,,
,,,,3.48,1.066,4.52,-579.6,,,,,3.48,0.981,-5.22,-355.7,,,,,,,,,,,,,,,,,,,,,,,,,,,,
,,,,3.49,1.058,-5.64,1457.7,,,,,3.49,0.833,-5.77,560.6,,,,,,,,,,,,,,,,,,,,,,,,,,,,
,,,,3.5,0.953,33.68,-111.9,,,,,3.5,0.866,5.99,506.7,,,,,,,,,,,,,,,,,,,,,,,,,,,,
,,,,3.51,1.731,-7.87,-2859.5,,,,,3.51,0.953,4.37,-288.6,,,,,,,,,,,,,,,,,,,,,,,,,,,,
,,,,3.52,0.796,-23.51,1914.4,,,,,3.52,0.953,0.22,-214,,,,,,,,,,,,,,,,,,,,,,,,,,,,
,,,,3.53,1.261,30.41,2346.8,,,,,3.53,0.958,0.09,-29.3,,,,,,,,,,,,,,,,,,,,,,,,,,,,
,,,,3.54,1.404,23.43,-1777,,,,,3.54,0.955,-0.37,-13.9,,,,,,,,,,,,,,,,,,,,,,,,,,,,
,,,,3.55,1.729,-5.13,-3220.3,,,,,3.55,0.95,-0.19,,,,,,,,,,,,,,,,,,,,,,,,,,,,,
,,,,3.56,1.301,-40.98,181.4,,,,,,,,,,,,,,,,,,,,,,,,,,,,,,,,,,,,
,,,,3.57,0.91,-1.5,1883.3,,,,,,,,,,,,,,,,,,,,,,,,,,,,,,,,,,,,
,,,,3.58,1.271,-3.32,321.9,,,,,,,,,,,,,,,,,,,,,,,,,,,,,,,,,,,,
,,,,3.59,0.843,4.94,934.1,,,,,,,,,,,,,,,,,,,,,,,,,,,,,,,,,,,,
,,,,3.6,1.37,15.37,-1254.5,,,,,,,,,,,,,,,,,,,,,,,,,,,,,,,,,,,,
,,,,3.61,1.151,-20.15,-592.4,,,,,,,,,,,,,,,,,,,,,,,,,,,,,,,,,,,,
,,,,3.62,0.967,3.52,2343.6,,,,,,,,,,,,,,,,,,,,,,,,,,,,,,,,,,,,
,,,,3.63,1.221,26.72,946.9,,,,,,,,,,,,,,,,,,,,,,,,,,,,,,,,,,,,
,,,,3.64,1.502,22.46,-2687.8,,,,,,,,,,,,,,,,,,,,,,,,,,,,,,,,,,,,
,,,,3.65,1.67,-27.03,1004.8,,,,,,,,,,,,,,,,,,,,,,,,,,,,,,,,,,,,
,,,,3.66,0.961,42.55,-1050.7,,,,,,,,,,,,,,,,,,,,,,,,,,,,,,,,,,,,
,,,,3.67,2.521,-48.05,-8431.1,,,,,,,,,,,,,,,,,,,,,,,,,,,,,,,,,,,,
,,,,3.68,0,-126.07,4567.8,,,,,,,,,,,,,,,,,,,,,,,,,,,,,,,,,,,,
,,,,3.69,0,43.31,8744.3,,,,,,,,,,,,,,,,,,,,,,,,,,,,,,,,,,,,
,,,,3.7,0.866,48.82,-590.1,,,,,,,,,,,,,,,,,,,,,,,,,,,,,,,,,,,,
,,,,3.71,0.976,31.51,-1307.2,,,,,,,,,,,,,,,,,,,,,,,,,,,,,,,,,,,,
,,,,3.72,1.496,22.68,-3044.4,,,,,,,,,,,,,,,,,,,,,,,,,,,,,,,,,,,,
,,,,3.73,1.43,-29.38,-1497.5,,,,,,,,,,,,,,,,,,,,,,,,,,,,,,,,,,,,
,,,,3.74,0.909,-7.27,3216.5,,,,,,,,,,,,,,,,,,,,,,,,,,,,,,,,,,,,
,,,,3.75,1.284,34.95,-940.7,,,,,,,,,,,,,,,,,,,,,,,,,,,,,,,,,,,,
,,,,3.76,1.608,-26.09,-2527.8,,,,,,,,,,,,,,,,,,,,,,,,,,,,,,,,,,,,
,,,,3.77,0.763,-15.61,2800.4,,,,,,,,,,,,,,,,,,,,,,,,,,,,,,,,,,,,
,,,,3.78,1.296,29.92,828.5,,,,,,,,,,,,,,,,,,,,,,,,,,,,,,,,,,,,
,,,,3.79,1.361,0.96,-1358.9,,,,,,,,,,,,,,,,,,,,,,,,,,,,,,,,,,,,
,,,,3.8,1.315,2.74,-634.9,,,,,,,,,,,,,,,,,,,,,,,,,,,,,,,,,,,,
,,,,3.81,1.416,-11.74,-1772.9,,,,,,,,,,,,,,,,,,,,,,,,,,,,,,,,,,,,
,,,,3.82,1.08,-32.72,1247.8,,,,,,,,,,,,,,,,,,,,,,,,,,,,,,,,,,,,
,,,,3.83,0.761,13.22,2276.3,,,,,,,,,,,,,,,,,,,,,,,,,,,,,,,,,,,,
,,,,3.84,1.345,12.81,-382,,,,,,,,,,,,,,,,,,,,,,,,,,,,,,,,,,,,
,,,,3.85,1.018,5.58,-270.6,,,,,,,,,,,,,,,,,,,,,,,,,,,,,,,,,,,,
,,,,3.86,1.456,7.4,-1902.9,,,,,,,,,,,,,,,,,,,,,,,,,,,,,,,,,,,,
,,,,3.87,1.166,-32.48,-1096.3,,,,,,,,,,,,,,,,,,,,,,,,,,,,,,,,,,,,
,,,,3.88,0.807,-14.53,2596.9,,,,,,,,,,,,,,,,,,,,,,,,,,,,,,,,,,,,
,,,,3.89,0.875,19.46,2750.1,,,,,,,,,,,,,,,,,,,,,,,,,,,,,,,,,,,,
,,,,3.9,1.196,40.47,-930.7,,,,,,,,,,,,,,,,,,,,,,,,,,,,,,,,,,,,
,,,,3.91,1.685,0.85,-2254.8,,,,,,,,,,,,,,,,,,,,,,,,,,,,,,,,,,,,
,,,,3.92,1.213,-4.62,-876.3,,,,,,,,,,,,,,,,,,,,,,,,,,,,,,,,,,,,
,,,,3.93,1.592,-16.68,-505.6,,,,,,,,,,,,,,,,,,,,,,,,,,,,,,,,,,,,
,,,,3.94,0.879,-14.73,2469.6,,,,,,,,,,,,,,,,,,,,,,,,,,,,,,,,,,,,
,,,,3.95,1.297,32.71,-39,,,,,,,,,,,,,,,,,,,,,,,,,,,,,,,,,,,,
,,,,3.96,1.533,-15.51,-2255.3,,,,,,,,,,,,,,,,,,,,,,,,,,,,,,,,,,,,
,,,,3.97,0.987,-12.39,2889.7,,,,,,,,,,,,,,,,,,,,,,,,,,,,,,,,,,,,
,,,,3.98,1.285,42.28,-449,,,,,,,,,,,,,,,,,,,,,,,,,,,,,,,,,,,,
,,,,3.99,1.833,-21.37,-4261.7,,,,,,,,,,,,,,,,,,,,,,,,,,,,,,,,,,,,
,,,,4,0.858,-42.95,2497.8,,,,,,,,,,,,,,,,,,,,,,,,,,,,,,,,,,,,
,,,,4.01,0.974,28.58,,,,,,,,,,,,,,,,,,,,,,,,,,,,,,,,,,,,,
